processed_tokens,flm_state_bytes,gru_state_bytes,transformer_state_bytes
1,8192,800,1728
2,8192,800,3456
3,8192,800,5184
4,8192,800,6912
5,8192,800,8640
6,8192,800,10368
7,8192,800,12096
8,8192,800,13824
9,8192,800,15552
10,8192,800,17280
11,8192,800,19008
12,8192,800,20736
13,8192,800,22464
14,8192,800,24192
15,8192,800,25920
16,8192,800,27648
17,8192,800,29376
18,8192,800,31104
19,8192,800,32832
20,8192,800,34560
21,8192,800,36288
22,8192,800,38016
23,8192,800,39744
24,8192,800,41472
25,8192,800,43200
26,8192,800,44928
27,8192,800,46656
28,8192,800,48384
29,8192,800,50112
30,8192,800,51840
31,8192,800,53568
32,8192,800,55296
33,8192,800,57024
34,8192,800,58752
35,8192,800,60480
36,8192,800,62208
37,8192,800,63936
38,8192,800,65664
39,8192,800,67392
40,8192,800,69120
41,8192,800,70848
42,8192,800,72576
43,8192,800,74304
44,8192,800,76032
45,8192,800,77760
46,8192,800,79488
47,8192,800,81216
48,8192,800,82944
49,8192,800,84672
50,8192,800,86400
51,8192,800,88128
52,8192,800,89856
53,8192,800,91584
54,8192,800,93312
55,8192,800,95040
56,8192,800,96768
57,8192,800,98496
58,8192,800,100224
59,8192,800,101952
60,8192,800,103680
61,8192,800,105408
62,8192,800,107136
63,8192,800,108864
64,8192,800,110592
65,8192,800,112320
66,8192,800,114048
67,8192,800,115776
68,8192,800,117504
69,8192,800,119232
70,8192,800,120960
71,8192,800,122688
72,8192,800,124416
73,8192,800,126144
74,8192,800,127872
75,8192,800,129600
76,8192,800,131328
77,8192,800,133056
78,8192,800,134784
79,8192,800,136512
80,8192,800,138240
81,8192,800,139968
82,8192,800,141696
83,8192,800,143424
84,8192,800,145152
85,8192,800,146880
86,8192,800,148608
87,8192,800,150336
88,8192,800,152064
89,8192,800,153792
90,8192,800,155520
91,8192,800,157248
92,8192,800,158976
93,8192,800,160704
94,8192,800,162432
95,8192,800,164160
96,8192,800,164160
97,8192,800,164160
98,8192,800,164160
99,8192,800,164160
100,8192,800,164160
101,8192,800,164160
102,8192,800,164160
103,8192,800,164160
104,8192,800,164160
105,8192,800,164160
106,8192,800,164160
107,8192,800,164160
108,8192,800,164160
109,8192,800,164160
110,8192,800,164160
111,8192,800,164160
112,8192,800,164160
113,8192,800,164160
114,8192,800,164160
115,8192,800,164160
116,8192,800,164160
117,8192,800,164160
118,8192,800,164160
119,8192,800,164160
120,8192,800,164160
121,8192,800,164160
122,8192,800,164160
123,8192,800,164160
124,8192,800,164160
125,8192,800,164160
126,8192,800,164160
127,8192,800,164160
128,8192,800,164160
129,8192,800,164160
130,8192,800,164160
131,8192,800,164160
132,8192,800,164160
133,8192,800,164160
134,8192,800,164160
135,8192,800,164160
136,8192,800,164160
137,8192,800,164160
138,8192,800,164160
139,8192,800,164160
140,8192,800,164160
141,8192,800,164160
142,8192,800,164160
143,8192,800,164160
144,8192,800,164160
145,8192,800,164160
146,8192,800,164160
147,8192,800,164160
148,8192,800,164160
149,8192,800,164160
150,8192,800,164160
151,8192,800,164160
152,8192,800,164160
153,8192,800,164160
154,8192,800,164160
155,8192,800,164160
156,8192,800,164160
157,8192,800,164160
158,8192,800,164160
159,8192,800,164160
160,8192,800,164160
161,8192,800,164160
162,8192,800,164160
163,8192,800,164160
164,8192,800,164160
165,8192,800,164160
166,8192,800,164160
167,8192,800,164160
168,8192,800,164160
169,8192,800,164160
170,8192,800,164160
171,8192,800,164160
172,8192,800,164160
173,8192,800,164160
174,8192,800,164160
175,8192,800,164160
176,8192,800,164160
177,8192,800,164160
178,8192,800,164160
179,8192,800,164160
180,8192,800,164160
181,8192,800,164160
182,8192,800,164160
183,8192,800,164160
184,8192,800,164160
185,8192,800,164160
186,8192,800,164160
187,8192,800,164160
188,8192,800,164160
189,8192,800,164160
190,8192,800,164160
191,8192,800,164160
192,8192,800,164160
193,8192,800,164160
194,8192,800,164160
195,8192,800,164160
196,8192,800,164160
197,8192,800,164160
198,8192,800,164160
199,8192,800,164160
200,8192,800,164160
201,8192,800,164160
202,8192,800,164160
203,8192,800,164160
204,8192,800,164160
205,8192,800,164160
206,8192,800,164160
207,8192,800,164160
208,8192,800,164160
209,8192,800,164160
210,8192,800,164160
211,8192,800,164160
212,8192,800,164160
213,8192,800,164160
214,8192,800,164160
215,8192,800,164160
216,8192,800,164160
217,8192,800,164160
218,8192,800,164160
219,8192,800,164160
220,8192,800,164160
221,8192,800,164160
222,8192,800,164160
223,8192,800,164160
224,8192,800,164160
225,8192,800,164160
226,8192,800,164160
227,8192,800,164160
228,8192,800,164160
229,8192,800,164160
230,8192,800,164160
231,8192,800,164160
232,8192,800,164160
233,8192,800,164160
234,8192,800,164160
235,8192,800,164160
236,8192,800,164160
237,8192,800,164160
238,8192,800,164160
239,8192,800,164160
240,8192,800,164160
241,8192,800,164160
242,8192,800,164160
243,8192,800,164160
244,8192,800,164160
245,8192,800,164160
246,8192,800,164160
247,8192,800,164160
248,8192,800,164160
249,8192,800,164160
250,8192,800,164160
251,8192,800,164160
252,8192,800,164160
253,8192,800,164160
254,8192,800,164160
255,8192,800,164160
256,8192,800,164160
257,8192,800,164160
258,8192,800,164160
259,8192,800,164160
260,8192,800,164160
261,8192,800,164160
262,8192,800,164160
263,8192,800,164160
264,8192,800,164160
265,8192,800,164160
266,8192,800,164160
267,8192,800,164160
268,8192,800,164160
269,8192,800,164160
270,8192,800,164160
271,8192,800,164160
272,8192,800,164160
273,8192,800,164160
274,8192,800,164160
275,8192,800,164160
276,8192,800,164160
277,8192,800,164160
278,8192,800,164160
279,8192,800,164160
280,8192,800,164160
281,8192,800,164160
282,8192,800,164160
283,8192,800,164160
284,8192,800,164160
285,8192,800,164160
286,8192,800,164160
287,8192,800,164160
288,8192,800,164160
289,8192,800,164160
290,8192,800,164160
291,8192,800,164160
292,8192,800,164160
293,8192,800,164160
294,8192,800,164160
295,8192,800,164160
296,8192,800,164160
297,8192,800,164160
298,8192,800,164160
299,8192,800,164160
300,8192,800,164160
301,8192,800,164160
302,8192,800,164160
303,8192,800,164160
304,8192,800,164160
305,8192,800,164160
306,8192,800,164160
307,8192,800,164160
308,8192,800,164160
309,8192,800,164160
310,8192,800,164160
311,8192,800,164160
312,8192,800,164160
313,8192,800,164160
314,8192,800,164160
315,8192,800,164160
316,8192,800,164160
317,8192,800,164160
318,8192,800,164160
319,8192,800,164160
320,8192,800,164160
321,8192,800,164160
322,8192,800,164160
323,8192,800,164160
324,8192,800,164160
325,8192,800,164160
326,8192,800,164160
327,8192,800,164160
328,8192,800,164160
329,8192,800,164160
330,8192,800,164160
331,8192,800,164160
332,8192,800,164160
333,8192,800,164160
334,8192,800,164160
335,8192,800,164160
336,8192,800,164160
337,8192,800,164160
338,8192,800,164160
339,8192,800,164160
340,8192,800,164160
341,8192,800,164160
342,8192,800,164160
343,8192,800,164160
344,8192,800,164160
345,8192,800,164160
346,8192,800,164160
347,8192,800,164160
348,8192,800,164160
349,8192,800,164160
350,8192,800,164160
351,8192,800,164160
352,8192,800,164160
353,8192,800,164160
354,8192,800,164160
355,8192,800,164160
356,8192,800,164160
357,8192,800,164160
358,8192,800,164160
359,8192,800,164160
360,8192,800,164160
361,8192,800,164160
362,8192,800,164160
363,8192,800,164160
364,8192,800,164160
365,8192,800,164160
366,8192,800,164160
367,8192,800,164160
368,8192,800,164160
369,8192,800,164160
370,8192,800,164160
371,8192,800,164160
372,8192,800,164160
373,8192,800,164160
374,8192,800,164160
375,8192,800,164160
376,8192,800,164160
377,8192,800,164160
378,8192,800,164160
379,8192,800,164160
380,8192,800,164160
381,8192,800,164160
382,8192,800,164160
383,8192,800,164160
384,8192,800,164160
385,8192,800,164160
386,8192,800,164160
387,8192,800,164160
388,8192,800,164160
389,8192,800,164160
390,8192,800,164160
391,8192,800,164160
392,8192,800,164160
393,8192,800,164160
394,8192,800,164160
395,8192,800,164160
396,8192,800,164160
397,8192,800,164160
398,8192,800,164160
399,8192,800,164160
400,8192,800,164160
401,8192,800,164160
402,8192,800,164160
403,8192,800,164160
404,8192,800,164160
405,8192,800,164160
406,8192,800,164160
407,8192,800,164160
408,8192,800,164160
409,8192,800,164160
410,8192,800,164160
411,8192,800,164160
412,8192,800,164160
413,8192,800,164160
414,8192,800,164160
415,8192,800,164160
416,8192,800,164160
417,8192,800,164160
418,8192,800,164160
419,8192,800,164160
420,8192,800,164160
421,8192,800,164160
422,8192,800,164160
423,8192,800,164160
424,8192,800,164160
425,8192,800,164160
426,8192,800,164160
427,8192,800,164160
428,8192,800,164160
429,8192,800,164160
430,8192,800,164160
431,8192,800,164160
432,8192,800,164160
433,8192,800,164160
434,8192,800,164160
435,8192,800,164160
436,8192,800,164160
437,8192,800,164160
438,8192,800,164160
439,8192,800,164160
440,8192,800,164160
441,8192,800,164160
442,8192,800,164160
443,8192,800,164160
444,8192,800,164160
445,8192,800,164160
446,8192,800,164160
447,8192,800,164160
448,8192,800,164160
449,8192,800,164160
450,8192,800,164160
451,8192,800,164160
452,8192,800,164160
453,8192,800,164160
454,8192,800,164160
455,8192,800,164160
456,8192,800,164160
457,8192,800,164160
458,8192,800,164160
459,8192,800,164160
460,8192,800,164160
461,8192,800,164160
462,8192,800,164160
463,8192,800,164160
464,8192,800,164160
465,8192,800,164160
466,8192,800,164160
467,8192,800,164160
468,8192,800,164160
469,8192,800,164160
470,8192,800,164160
471,8192,800,164160
472,8192,800,164160
473,8192,800,164160
474,8192,800,164160
475,8192,800,164160
476,8192,800,164160
477,8192,800,164160
478,8192,800,164160
479,8192,800,164160
480,8192,800,164160
481,8192,800,164160
482,8192,800,164160
483,8192,800,164160
484,8192,800,164160
485,8192,800,164160
486,8192,800,164160
487,8192,800,164160
488,8192,800,164160
489,8192,800,164160
490,8192,800,164160
491,8192,800,164160
492,8192,800,164160
493,8192,800,164160
494,8192,800,164160
495,8192,800,164160
496,8192,800,164160
497,8192,800,164160
498,8192,800,164160
499,8192,800,164160
500,8192,800,164160
501,8192,800,164160
502,8192,800,164160
503,8192,800,164160
504,8192,800,164160
505,8192,800,164160
506,8192,800,164160
507,8192,800,164160
508,8192,800,164160
509,8192,800,164160
510,8192,800,164160
511,8192,800,164160
512,8192,800,164160
513,8192,800,164160
514,8192,800,164160
515,8192,800,164160
516,8192,800,164160
517,8192,800,164160
518,8192,800,164160
519,8192,800,164160
520,8192,800,164160
521,8192,800,164160
522,8192,800,164160
523,8192,800,164160
524,8192,800,164160
525,8192,800,164160
526,8192,800,164160
527,8192,800,164160
528,8192,800,164160
529,8192,800,164160
530,8192,800,164160
531,8192,800,164160
532,8192,800,164160
533,8192,800,164160
534,8192,800,164160
535,8192,800,164160
536,8192,800,164160
537,8192,800,164160
538,8192,800,164160
539,8192,800,164160
540,8192,800,164160
541,8192,800,164160
542,8192,800,164160
543,8192,800,164160
544,8192,800,164160
545,8192,800,164160
546,8192,800,164160
547,8192,800,164160
548,8192,800,164160
549,8192,800,164160
550,8192,800,164160
551,8192,800,164160
552,8192,800,164160
553,8192,800,164160
554,8192,800,164160
555,8192,800,164160
556,8192,800,164160
557,8192,800,164160
558,8192,800,164160
559,8192,800,164160
560,8192,800,164160
561,8192,800,164160
562,8192,800,164160
563,8192,800,164160
564,8192,800,164160
565,8192,800,164160
566,8192,800,164160
567,8192,800,164160
568,8192,800,164160
569,8192,800,164160
570,8192,800,164160
571,8192,800,164160
572,8192,800,164160
573,8192,800,164160
574,8192,800,164160
575,8192,800,164160
576,8192,800,164160
577,8192,800,164160
578,8192,800,164160
579,8192,800,164160
580,8192,800,164160
581,8192,800,164160
582,8192,800,164160
583,8192,800,164160
584,8192,800,164160
585,8192,800,164160
586,8192,800,164160
587,8192,800,164160
588,8192,800,164160
589,8192,800,164160
590,8192,800,164160
591,8192,800,164160
592,8192,800,164160
593,8192,800,164160
594,8192,800,164160
595,8192,800,164160
596,8192,800,164160
597,8192,800,164160
598,8192,800,164160
599,8192,800,164160
600,8192,800,164160
601,8192,800,164160
602,8192,800,164160
603,8192,800,164160
604,8192,800,164160
605,8192,800,164160
606,8192,800,164160
607,8192,800,164160
608,8192,800,164160
609,8192,800,164160
610,8192,800,164160
611,8192,800,164160
612,8192,800,164160
613,8192,800,164160
614,8192,800,164160
615,8192,800,164160
616,8192,800,164160
617,8192,800,164160
618,8192,800,164160
619,8192,800,164160
620,8192,800,164160
621,8192,800,164160
622,8192,800,164160
623,8192,800,164160
624,8192,800,164160
625,8192,800,164160
626,8192,800,164160
627,8192,800,164160
628,8192,800,164160
629,8192,800,164160
630,8192,800,164160
631,8192,800,164160
632,8192,800,164160
633,8192,800,164160
634,8192,800,164160
635,8192,800,164160
636,8192,800,164160
637,8192,800,164160
638,8192,800,164160
639,8192,800,164160
640,8192,800,164160
641,8192,800,164160
642,8192,800,164160
643,8192,800,164160
644,8192,800,164160
645,8192,800,164160
646,8192,800,164160
647,8192,800,164160
648,8192,800,164160
649,8192,800,164160
650,8192,800,164160
651,8192,800,164160
652,8192,800,164160
653,8192,800,164160
654,8192,800,164160
655,8192,800,164160
656,8192,800,164160
657,8192,800,164160
658,8192,800,164160
659,8192,800,164160
660,8192,800,164160
661,8192,800,164160
662,8192,800,164160
663,8192,800,164160
664,8192,800,164160
665,8192,800,164160
666,8192,800,164160
667,8192,800,164160
668,8192,800,164160
669,8192,800,164160
670,8192,800,164160
671,8192,800,164160
672,8192,800,164160
673,8192,800,164160
674,8192,800,164160
675,8192,800,164160
676,8192,800,164160
677,8192,800,164160
678,8192,800,164160
679,8192,800,164160
680,8192,800,164160
681,8192,800,164160
682,8192,800,164160
683,8192,800,164160
684,8192,800,164160
685,8192,800,164160
686,8192,800,164160
687,8192,800,164160
688,8192,800,164160
689,8192,800,164160
690,8192,800,164160
691,8192,800,164160
692,8192,800,164160
693,8192,800,164160
694,8192,800,164160
695,8192,800,164160
696,8192,800,164160
697,8192,800,164160
698,8192,800,164160
699,8192,800,164160
700,8192,800,164160
701,8192,800,164160
702,8192,800,164160
703,8192,800,164160
704,8192,800,164160
705,8192,800,164160
706,8192,800,164160
707,8192,800,164160
708,8192,800,164160
709,8192,800,164160
710,8192,800,164160
711,8192,800,164160
712,8192,800,164160
713,8192,800,164160
714,8192,800,164160
715,8192,800,164160
716,8192,800,164160
717,8192,800,164160
718,8192,800,164160
719,8192,800,164160
720,8192,800,164160
721,8192,800,164160
722,8192,800,164160
723,8192,800,164160
724,8192,800,164160
725,8192,800,164160
726,8192,800,164160
727,8192,800,164160
728,8192,800,164160
729,8192,800,164160
730,8192,800,164160
731,8192,800,164160
732,8192,800,164160
733,8192,800,164160
734,8192,800,164160
735,8192,800,164160
736,8192,800,164160
737,8192,800,164160
738,8192,800,164160
739,8192,800,164160
740,8192,800,164160
741,8192,800,164160
742,8192,800,164160
743,8192,800,164160
744,8192,800,164160
745,8192,800,164160
746,8192,800,164160
747,8192,800,164160
748,8192,800,164160
749,8192,800,164160
750,8192,800,164160
751,8192,800,164160
752,8192,800,164160
753,8192,800,164160
754,8192,800,164160
755,8192,800,164160
756,8192,800,164160
757,8192,800,164160
758,8192,800,164160
759,8192,800,164160
760,8192,800,164160
761,8192,800,164160
762,8192,800,164160
763,8192,800,164160
764,8192,800,164160
765,8192,800,164160
766,8192,800,164160
767,8192,800,164160
768,8192,800,164160
769,8192,800,164160
770,8192,800,164160
771,8192,800,164160
772,8192,800,164160
773,8192,800,164160
774,8192,800,164160
775,8192,800,164160
776,8192,800,164160
777,8192,800,164160
778,8192,800,164160
779,8192,800,164160
780,8192,800,164160
781,8192,800,164160
782,8192,800,164160
783,8192,800,164160
784,8192,800,164160
785,8192,800,164160
786,8192,800,164160
787,8192,800,164160
788,8192,800,164160
789,8192,800,164160
790,8192,800,164160
791,8192,800,164160
792,8192,800,164160
793,8192,800,164160
794,8192,800,164160
795,8192,800,164160
796,8192,800,164160
797,8192,800,164160
798,8192,800,164160
799,8192,800,164160
800,8192,800,164160
801,8192,800,164160
802,8192,800,164160
803,8192,800,164160
804,8192,800,164160
805,8192,800,164160
806,8192,800,164160
807,8192,800,164160
808,8192,800,164160
809,8192,800,164160
810,8192,800,164160
811,8192,800,164160
812,8192,800,164160
813,8192,800,164160
814,8192,800,164160
815,8192,800,164160
816,8192,800,164160
817,8192,800,164160
818,8192,800,164160
819,8192,800,164160
820,8192,800,164160
821,8192,800,164160
822,8192,800,164160
823,8192,800,164160
824,8192,800,164160
825,8192,800,164160
826,8192,800,164160
827,8192,800,164160
828,8192,800,164160
829,8192,800,164160
830,8192,800,164160
831,8192,800,164160
832,8192,800,164160
833,8192,800,164160
834,8192,800,164160
835,8192,800,164160
836,8192,800,164160
837,8192,800,164160
838,8192,800,164160
839,8192,800,164160
840,8192,800,164160
841,8192,800,164160
842,8192,800,164160
843,8192,800,164160
844,8192,800,164160
845,8192,800,164160
846,8192,800,164160
847,8192,800,164160
848,8192,800,164160
849,8192,800,164160
850,8192,800,164160
851,8192,800,164160
852,8192,800,164160
853,8192,800,164160
854,8192,800,164160
855,8192,800,164160
856,8192,800,164160
857,8192,800,164160
858,8192,800,164160
859,8192,800,164160
860,8192,800,164160
861,8192,800,164160
862,8192,800,164160
863,8192,800,164160
864,8192,800,164160
865,8192,800,164160
866,8192,800,164160
867,8192,800,164160
868,8192,800,164160
869,8192,800,164160
870,8192,800,164160
871,8192,800,164160
872,8192,800,164160
873,8192,800,164160
874,8192,800,164160
875,8192,800,164160
876,8192,800,164160
877,8192,800,164160
878,8192,800,164160
879,8192,800,164160
880,8192,800,164160
881,8192,800,164160
882,8192,800,164160
883,8192,800,164160
884,8192,800,164160
885,8192,800,164160
886,8192,800,164160
887,8192,800,164160
888,8192,800,164160
889,8192,800,164160
890,8192,800,164160
891,8192,800,164160
892,8192,800,164160
893,8192,800,164160
894,8192,800,164160
895,8192,800,164160
896,8192,800,164160
897,8192,800,164160
898,8192,800,164160
899,8192,800,164160
900,8192,800,164160
901,8192,800,164160
902,8192,800,164160
903,8192,800,164160
904,8192,800,164160
905,8192,800,164160
906,8192,800,164160
907,8192,800,164160
908,8192,800,164160
909,8192,800,164160
910,8192,800,164160
911,8192,800,164160
912,8192,800,164160
913,8192,800,164160
914,8192,800,164160
915,8192,800,164160
916,8192,800,164160
917,8192,800,164160
918,8192,800,164160
919,8192,800,164160
920,8192,800,164160
921,8192,800,164160
922,8192,800,164160
923,8192,800,164160
924,8192,800,164160
925,8192,800,164160
926,8192,800,164160
927,8192,800,164160
928,8192,800,164160
929,8192,800,164160
930,8192,800,164160
931,8192,800,164160
932,8192,800,164160
933,8192,800,164160
934,8192,800,164160
935,8192,800,164160
936,8192,800,164160
937,8192,800,164160
938,8192,800,164160
939,8192,800,164160
940,8192,800,164160
941,8192,800,164160
942,8192,800,164160
943,8192,800,164160
944,8192,800,164160
945,8192,800,164160
946,8192,800,164160
947,8192,800,164160
948,8192,800,164160
949,8192,800,164160
950,8192,800,164160
951,8192,800,164160
952,8192,800,164160
953,8192,800,164160
954,8192,800,164160
955,8192,800,164160
956,8192,800,164160
957,8192,800,164160
958,8192,800,164160
959,8192,800,164160
960,8192,800,164160
961,8192,800,164160
962,8192,800,164160
963,8192,800,164160
964,8192,800,164160
965,8192,800,164160
966,8192,800,164160
967,8192,800,164160
968,8192,800,164160
969,8192,800,164160
970,8192,800,164160
971,8192,800,164160
972,8192,800,164160
973,8192,800,164160
974,8192,800,164160
975,8192,800,164160
976,8192,800,164160
977,8192,800,164160
978,8192,800,164160
979,8192,800,164160
980,8192,800,164160
981,8192,800,164160
982,8192,800,164160
983,8192,800,164160
984,8192,800,164160
985,8192,800,164160
986,8192,800,164160
987,8192,800,164160
988,8192,800,164160
989,8192,800,164160
990,8192,800,164160
991,8192,800,164160
992,8192,800,164160
993,8192,800,164160
994,8192,800,164160
995,8192,800,164160
996,8192,800,164160
997,8192,800,164160
998,8192,800,164160
999,8192,800,164160
1000,8192,800,164160
1001,8192,800,164160
1002,8192,800,164160
1003,8192,800,164160
1004,8192,800,164160
1005,8192,800,164160
1006,8192,800,164160
1007,8192,800,164160
1008,8192,800,164160
1009,8192,800,164160
1010,8192,800,164160
1011,8192,800,164160
1012,8192,800,164160
1013,8192,800,164160
1014,8192,800,164160
1015,8192,800,164160
1016,8192,800,164160
1017,8192,800,164160
1018,8192,800,164160
1019,8192,800,164160
1020,8192,800,164160
1021,8192,800,164160
1022,8192,800,164160
1023,8192,800,164160
1024,8192,800,164160
