pre,post,contacts,edges,fast_contacts,removed_fast_contacts,pre_cells_ge_1,post_cells_ge_1,pre_cells_ge_5,post_cells_ge_5
ALPN,ALPN,140285,23552,140285,0,686,686,562,665
ALPN,KC,390928,22586,390928,0,314,3812,271,3768
ALPN,MBON,1614,327,1614,0,110,71,42,31
ALPN,PAM,585,275,585,0,47,137,10,20
ALPN,PPL1,673,102,673,0,60,13,25,6
ALPN,APL,5416,290,5416,0,282,2,206,2
ALPN,DPM,3,2,3,0,2,1,0,0
ALPN,other,1243459,166094,1243459,0,686,14117,686,7369
KC,ALPN,6154,5154,6154,0,2491,282,5,6
KC,KC,1153845,642933,1153845,0,4064,4064,4007,4036
KC,MBON,463640,61210,463640,0,4063,97,4022,91
KC,PAM,204282,124837,204282,0,4061,316,1481,269
KC,PPL1,77087,20405,77087,0,4061,15,3249,12
KC,APL,210352,4693,210352,0,4063,2,4063,2
KC,DPM,95527,4237,95527,0,4042,2,3884,2
KC,other,35739,22142,35739,0,3985,1564,614,80
MBON,ALPN,1078,214,1078,0,55,75,14,21
MBON,KC,11181,6813,11181,0,88,3364,18,258
MBON,MBON,26259,1606,26259,0,97,97,86,97
MBON,PAM,6585,2119,6585,0,87,315,61,185
MBON,PPL1,4435,419,4435,0,90,16,77,16
MBON,APL,2383,79,2383,0,67,2,33,2
MBON,DPM,370,60,370,0,51,2,21,2
MBON,other,211119,27969,211119,0,97,7471,97,3358
PAM,ALPN,12,11,0,12,9,5,0,0
PAM,KC,173789,110450,0,173789,316,4060,213,1135
PAM,MBON,28546,2693,0,28546,316,77,311,42
PAM,PAM,7391,4715,0,7391,316,315,53,66
PAM,PPL1,312,122,0,312,84,14,10,4
PAM,APL,4565,590,0,4565,313,2,224,2
PAM,DPM,2569,554,0,2569,314,2,177,2
PAM,other,4950,3795,0,4950,298,1638,28,33
PPL1,ALPN,56,34,0,56,7,25,1,1
PPL1,KC,49256,17149,0,49256,14,4058,10,2009
PPL1,MBON,11070,430,0,11070,16,94,16,67
PPL1,PAM,849,387,0,849,15,227,4,15
PPL1,PPL1,969,95,0,969,16,16,14,15
PPL1,APL,3405,24,0,3405,14,2,12,2
PPL1,DPM,1611,23,0,1611,13,2,12,2
PPL1,other,24125,7927,0,24125,16,3632,16,897
APL,ALPN,4600,268,4600,0,2,259,2,202
APL,KC,196200,4633,196200,0,2,4063,2,4063
APL,MBON,4466,120,4466,0,2,91,2,61
APL,PAM,1059,423,1059,0,2,276,2,49
APL,PPL1,656,23,656,0,2,14,2,11
APL,APL,22,3,22,0,2,2,2,1
APL,DPM,1595,4,1595,0,2,2,2,2
APL,other,1314,371,1314,0,2,355,2,35
DPM,ALPN,0,0,0,0,0,0,0,0
DPM,KC,32795,4082,0,32795,2,3989,2,3273
DPM,MBON,6561,112,0,6561,2,93,2,79
DPM,PAM,2970,545,0,2970,2,310,2,185
DPM,PPL1,1484,23,0,1484,2,13,2,12
DPM,APL,3521,4,0,3521,2,2,2,2
DPM,DPM,4,3,0,4,2,2,0,0
DPM,other,362,165,0,362,2,156,2,12
other,ALPN,1164790,120759,1071573,93217,9979,686,4836,681
other,KC,74237,21819,66454,7783,1294,4007,259,2560
other,MBON,165125,19541,157480,7645,6091,97,2725,97
other,PAM,72552,29841,68840,3712,5305,316,1121,316
other,PPL1,68484,8141,66449,2035,3419,16,1367,16
other,APL,4361,502,3812,549,465,2,125,2
other,DPM,135,60,99,36,58,2,6,2
other,other,117763850,24084379,114322780,3441070,160297,161147,156976,156508
