scale,subset,training_seed,first,second,difference_bpb,lower_95,upper_95,replicates,seed,unit,caution,interval_verification
100m,official,42,flm,gru,0.049953924804160596,0.04743334520542849,0.05250865372090803,10000,31415,"paired blocks, resampled within each source component",Conditional on these checkpoints and component block counts; adjacent artificial blocks may share an unknown document.,Copied from bound evaluator summary; resampling not rerun by this exporter
100m,official,42,flm,transformer,0.12495808684998858,0.12345954591193589,0.12645445784757212,10000,31415,"paired blocks, resampled within each source component",Conditional on these checkpoints and component block counts; adjacent artificial blocks may share an unknown document.,Copied from bound evaluator summary; resampling not rerun by this exporter
100m,official,43,flm,gru,0.06108230243538666,0.05961911186794231,0.06255234986589572,10000,31415,"paired blocks, resampled within each source component",Conditional on these checkpoints and component block counts; adjacent artificial blocks may share an unknown document.,Copied from bound evaluator summary; resampling not rerun by this exporter
100m,official,43,flm,transformer,0.06741923715719411,0.06453249388110208,0.07026696255387677,10000,31415,"paired blocks, resampled within each source component",Conditional on these checkpoints and component block counts; adjacent artificial blocks may share an unknown document.,Copied from bound evaluator summary; resampling not rerun by this exporter
100m,overlap_filtered,42,flm,gru,0.060436550602918485,0.058027671584787055,0.06280608497060061,10000,31415,"paired blocks, resampled within each source component",Conditional on these checkpoints and component block counts; adjacent artificial blocks may share an unknown document.,Copied from bound evaluator summary; resampling not rerun by this exporter
100m,overlap_filtered,42,flm,transformer,0.12204151855625311,0.12056736087991048,0.12357665538540917,10000,31415,"paired blocks, resampled within each source component",Conditional on these checkpoints and component block counts; adjacent artificial blocks may share an unknown document.,Copied from bound evaluator summary; resampling not rerun by this exporter
100m,overlap_filtered,43,flm,gru,0.06680874583719176,0.06534138058680951,0.0682606198512627,10000,31415,"paired blocks, resampled within each source component",Conditional on these checkpoints and component block counts; adjacent artificial blocks may share an unknown document.,Copied from bound evaluator summary; resampling not rerun by this exporter
100m,overlap_filtered,43,flm,transformer,0.07860694918335932,0.07577737094983455,0.08137536627281784,10000,31415,"paired blocks, resampled within each source component",Conditional on these checkpoints and component block counts; adjacent artificial blocks may share an unknown document.,Copied from bound evaluator summary; resampling not rerun by this exporter
10m,official,42,flm,gru,0.05682199001788031,0.05504650678021734,0.058491443708892824,10000,31415,"paired blocks, resampled within each source component",Conditional on these checkpoints and component block counts; adjacent artificial blocks may share an unknown document.,Copied from bound evaluator summary; resampling not rerun by this exporter
10m,official,42,flm,transformer,0.08636364960663369,0.08392014344062673,0.08880388843548118,10000,31415,"paired blocks, resampled within each source component",Conditional on these checkpoints and component block counts; adjacent artificial blocks may share an unknown document.,Copied from bound evaluator summary; resampling not rerun by this exporter
10m,official,43,flm,gru,0.051115568528113546,0.0492112395276811,0.053041998087939836,10000,31415,"paired blocks, resampled within each source component",Conditional on these checkpoints and component block counts; adjacent artificial blocks may share an unknown document.,Copied from bound evaluator summary; resampling not rerun by this exporter
10m,official,43,flm,transformer,0.06012137442652497,0.057356353541419686,0.06286931022535028,10000,31415,"paired blocks, resampled within each source component",Conditional on these checkpoints and component block counts; adjacent artificial blocks may share an unknown document.,Copied from bound evaluator summary; resampling not rerun by this exporter
10m,overlap_filtered,42,flm,gru,0.06510203075877631,0.06352503003328284,0.0666146253919805,10000,31415,"paired blocks, resampled within each source component",Conditional on these checkpoints and component block counts; adjacent artificial blocks may share an unknown document.,Copied from bound evaluator summary; resampling not rerun by this exporter
10m,overlap_filtered,42,flm,transformer,0.09521298522683343,0.09270398326566573,0.09764992014276418,10000,31415,"paired blocks, resampled within each source component",Conditional on these checkpoints and component block counts; adjacent artificial blocks may share an unknown document.,Copied from bound evaluator summary; resampling not rerun by this exporter
10m,overlap_filtered,43,flm,gru,0.06142605240019834,0.05964984594609505,0.06321615112735458,10000,31415,"paired blocks, resampled within each source component",Conditional on these checkpoints and component block counts; adjacent artificial blocks may share an unknown document.,Copied from bound evaluator summary; resampling not rerun by this exporter
10m,overlap_filtered,43,flm,transformer,0.07306919608346352,0.07044515301734909,0.07562341974997835,10000,31415,"paired blocks, resampled within each source component",Conditional on these checkpoints and component block counts; adjacent artificial blocks may share an unknown document.,Copied from bound evaluator summary; resampling not rerun by this exporter
