scale,seed,variant,component,subset,available,blocks,nll,tokens,bytes,bits_per_byte,token_perplexity,excluded_blocks,excluded_bytes,parameters,checkpoint_step,checkpoint_sha256,final_presented_tokens,final_presented_bytes,final_scored_bytes
10m,42,flm,all,official,True,3187,69981147.22979164,18177107,51722871,1.9519692567750315,46.99121551006682,659,10759157,600003,12000,fe0f21c3ac72289b5fd11e534f98d4979965b4556c102b480d652a53a4952de6,18432000,53899201,44912041
10m,42,flm,all,overlap_filtered,True,2528,55946008.46440369,13927273,40963714,1.9703542742517726,55.53486229228024,659,10759157,600003,12000,fe0f21c3ac72289b5fd11e534f98d4979965b4556c102b480d652a53a4952de6,18432000,53899201,44912041
10m,42,flm,bnc_spoken,official,True,300,6462333.011968939,1460188,4889225,1.9068821314095028,83.57008363963075,4,64708,600003,12000,fe0f21c3ac72289b5fd11e534f98d4979965b4556c102b480d652a53a4952de6,18432000,53899201,44912041
10m,42,flm,bnc_spoken,overlap_filtered,True,296,6377092.437041735,1441436,4824517,1.9069680206766038,83.43973037037318,4,64708,600003,12000,fe0f21c3ac72289b5fd11e534f98d4979965b4556c102b480d652a53a4952de6,18432000,53899201,44912041
10m,42,flm,childes,official,True,899,17669751.572001766,6349354,14707424,1.7332785786733909,16.166175958930207,408,6677120,600003,12000,fe0f21c3ac72289b5fd11e534f98d4979965b4556c102b480d652a53a4952de6,18432000,53899201,44912041
10m,42,flm,childes,overlap_filtered,True,491,9811796.747864475,3497594,8030304,1.7627515110703826,16.53201728230587,408,6677120,600003,12000,fe0f21c3ac72289b5fd11e534f98d4979965b4556c102b480d652a53a4952de6,18432000,53899201,44912041
10m,42,flm,gutenberg,official,True,830,18166703.116493553,3896256,13296106,1.9711795690758878,105.9116340211534,53,858794,600003,12000,fe0f21c3ac72289b5fd11e534f98d4979965b4556c102b480d652a53a4952de6,18432000,53899201,44912041
10m,42,flm,gutenberg,overlap_filtered,True,777,16891164.215283476,3627493,12437312,1.959330026313611,105.25954622540614,53,858794,600003,12000,fe0f21c3ac72289b5fd11e534f98d4979965b4556c102b480d652a53a4952de6,18432000,53899201,44912041
10m,42,flm,open_subtitles,official,True,635,14874613.517317533,3621022,10388196,2.0657610962070745,60.815794246801914,90,1472280,600003,12000,fe0f21c3ac72289b5fd11e534f98d4979965b4556c102b480d652a53a4952de6,18432000,53899201,44912041
10m,42,flm,open_subtitles,overlap_filtered,True,545,12711472.311819993,3088027,8915916,2.0568585512313113,61.33639804366429,90,1472280,600003,12000,fe0f21c3ac72289b5fd11e534f98d4979965b4556c102b480d652a53a4952de6,18432000,53899201,44912041
10m,42,flm,simple_wiki,official,True,472,11795482.101124156,2549987,7618762,2.2336021957617724,102.07448964175366,104,1686255,600003,12000,fe0f21c3ac72289b5fd11e534f98d4979965b4556c102b480d652a53a4952de6,18432000,53899201,44912041
10m,42,flm,simple_wiki,overlap_filtered,True,368,9142218.841508318,1972423,5932507,2.2232479094193556,103.02991526763361,104,1686255,600003,12000,fe0f21c3ac72289b5fd11e534f98d4979965b4556c102b480d652a53a4952de6,18432000,53899201,44912041
10m,42,flm,switchboard,official,True,51,1012263.910885692,300300,823158,1.7741285686413246,29.103027136938884,0,0,600003,12000,fe0f21c3ac72289b5fd11e534f98d4979965b4556c102b480d652a53a4952de6,18432000,53899201,44912041
10m,42,flm,switchboard,overlap_filtered,True,51,1012263.910885692,300300,823158,1.7741285686413246,29.103027136938884,0,0,600003,12000,fe0f21c3ac72289b5fd11e534f98d4979965b4556c102b480d652a53a4952de6,18432000,53899201,44912041
10m,42,gru,all,official,True,3187,67943990.12010396,18177107,51722871,1.895147266757151,42.00917301076573,659,10759157,595408,12000,da189f114d7141f9ab143a0211de68e96f9ded9de14fe715e41b8a9efd6239d2,18432000,53899201,44912041
10m,42,gru,all,overlap_filtered,True,2528,54097509.02880677,13927273,40963714,1.905252243492996,48.63219792363544,659,10759157,595408,12000,da189f114d7141f9ab143a0211de68e96f9ded9de14fe715e41b8a9efd6239d2,18432000,53899201,44912041
10m,42,gru,bnc_spoken,official,True,300,6255173.300587185,1460188,4889225,1.845754184079927,72.51646648573643,4,64708,595408,12000,da189f114d7141f9ab143a0211de68e96f9ded9de14fe715e41b8a9efd6239d2,18432000,53899201,44912041
10m,42,gru,bnc_spoken,overlap_filtered,True,296,6172316.004559454,1441436,4824517,1.845732886955835,72.38943714359216,4,64708,595408,12000,da189f114d7141f9ab143a0211de68e96f9ded9de14fe715e41b8a9efd6239d2,18432000,53899201,44912041
10m,42,gru,childes,official,True,899,17741463.436504465,6349354,14707424,1.7403130091277614,16.34979749709406,408,6677120,595408,12000,da189f114d7141f9ab143a0211de68e96f9ded9de14fe715e41b8a9efd6239d2,18432000,53899201,44912041
10m,42,gru,childes,overlap_filtered,True,491,9882013.637500243,3497594,8030304,1.7753664206011017,16.86726415417824,408,6677120,595408,12000,da189f114d7141f9ab143a0211de68e96f9ded9de14fe715e41b8a9efd6239d2,18432000,53899201,44912041
10m,42,gru,gutenberg,official,True,830,17271005.0591783,3896256,13296106,1.8739917800027117,84.15987344135922,53,858794,595408,12000,da189f114d7141f9ab143a0211de68e96f9ded9de14fe715e41b8a9efd6239d2,18432000,53899201,44912041
10m,42,gru,gutenberg,overlap_filtered,True,777,16055678.285935894,3627493,12437312,1.862415885460486,83.60544828335001,53,858794,595408,12000,da189f114d7141f9ab143a0211de68e96f9ded9de14fe715e41b8a9efd6239d2,18432000,53899201,44912041
10m,42,gru,open_subtitles,official,True,635,14361017.7667554,3621022,10388196,1.994433789487252,52.77366479296115,90,1472280,595408,12000,da189f114d7141f9ab143a0211de68e96f9ded9de14fe715e41b8a9efd6239d2,18432000,53899201,44912041
10m,42,gru,open_subtitles,overlap_filtered,True,545,12271794.990389945,3088027,8915916,1.9857138375284826,53.19647466377664,90,1472280,595408,12000,da189f114d7141f9ab143a0211de68e96f9ded9de14fe715e41b8a9efd6239d2,18432000,53899201,44912041
10m,42,gru,simple_wiki,official,True,472,11374252.071285306,2549987,7618762,2.1538377307316243,86.53195331587457,104,1686255,595408,12000,da189f114d7141f9ab143a0211de68e96f9ded9de14fe715e41b8a9efd6239d2,18432000,53899201,44912041
10m,42,gru,simple_wiki,overlap_filtered,True,368,8774627.624627937,1972423,5932507,2.1338553430612097,85.51177442919875,104,1686255,595408,12000,da189f114d7141f9ab143a0211de68e96f9ded9de14fe715e41b8a9efd6239d2,18432000,53899201,44912041
10m,42,gru,switchboard,official,True,51,941078.4857933014,300300,823158,1.649366542682317,22.96093954322239,0,0,595408,12000,da189f114d7141f9ab143a0211de68e96f9ded9de14fe715e41b8a9efd6239d2,18432000,53899201,44912041
10m,42,gru,switchboard,overlap_filtered,True,51,941078.4857933014,300300,823158,1.649366542682317,22.96093954322239,0,0,595408,12000,da189f114d7141f9ab143a0211de68e96f9ded9de14fe715e41b8a9efd6239d2,18432000,53899201,44912041
10m,42,transformer,all,official,True,3187,66884875.47374495,18177107,51722871,1.8656056071683975,39.6313945647464,659,10759157,607468,12000,8b3a932c84fa84f0b1fec78cfe5963359237f560336031cce73cf856b3b1a68d,18432000,53899201,44912041
10m,42,transformer,all,overlap_filtered,True,2528,53242542.11470656,13927273,40963714,1.875141289024939,45.73655449269866,659,10759157,607468,12000,8b3a932c84fa84f0b1fec78cfe5963359237f560336031cce73cf856b3b1a68d,18432000,53899201,44912041
10m,42,transformer,bnc_spoken,official,True,300,6174029.730009339,1460188,4889225,1.8218106292480913,68.59660389595675,4,64708,607468,12000,8b3a932c84fa84f0b1fec78cfe5963359237f560336031cce73cf856b3b1a68d,18432000,53899201,44912041
10m,42,transformer,bnc_spoken,overlap_filtered,True,296,6092331.920156638,1441436,4824517,1.8218149192260111,68.4820197160086,4,64708,607468,12000,8b3a932c84fa84f0b1fec78cfe5963359237f560336031cce73cf856b3b1a68d,18432000,53899201,44912041
10m,42,transformer,childes,official,True,899,17619911.687629957,6349354,14707424,1.7283896359175628,16.039774704934064,408,6677120,607468,12000,8b3a932c84fa84f0b1fec78cfe5963359237f560336031cce73cf856b3b1a68d,18432000,53899201,44912041
10m,42,transformer,childes,overlap_filtered,True,491,9802295.694632387,3497594,8030304,1.761044586602622,16.487169758430674,408,6677120,607468,12000,8b3a932c84fa84f0b1fec78cfe5963359237f560336031cce73cf856b3b1a68d,18432000,53899201,44912041
10m,42,transformer,gutenberg,official,True,830,17051077.220651064,3896256,13296106,1.8501284923607002,79.54097547262339,53,858794,607468,12000,8b3a932c84fa84f0b1fec78cfe5963359237f560336031cce73cf856b3b1a68d,18432000,53899201,44912041
10m,42,transformer,gutenberg,overlap_filtered,True,777,15852879.082785342,3627493,12437312,1.838891718447426,79.05964195403357,53,858794,607468,12000,8b3a932c84fa84f0b1fec78cfe5963359237f560336031cce73cf856b3b1a68d,18432000,53899201,44912041
10m,42,transformer,open_subtitles,official,True,635,14089549.690558977,3621022,10388196,1.9567327635065865,48.961891827313494,90,1472280,607468,12000,8b3a932c84fa84f0b1fec78cfe5963359237f560336031cce73cf856b3b1a68d,18432000,53899201,44912041
10m,42,transformer,open_subtitles,overlap_filtered,True,545,12041036.479644034,3088027,8915916,1.9483745266718024,49.36616570617276,90,1472280,607468,12000,8b3a932c84fa84f0b1fec78cfe5963359237f560336031cce73cf856b3b1a68d,18432000,53899201,44912041
10m,42,transformer,simple_wiki,official,True,472,11030881.47716102,2549987,7618762,2.0888167925096135,75.63037035510953,104,1686255,607468,12000,8b3a932c84fa84f0b1fec78cfe5963359237f560336031cce73cf856b3b1a68d,18432000,53899201,44912041
10m,42,transformer,simple_wiki,overlap_filtered,True,368,8534573.269753564,1972423,5932507,2.075477792504412,75.71291609105775,104,1686255,607468,12000,8b3a932c84fa84f0b1fec78cfe5963359237f560336031cce73cf856b3b1a68d,18432000,53899201,44912041
10m,42,transformer,switchboard,official,True,51,919425.667734597,300300,823158,1.6114170685417952,21.363642642430417,0,0,607468,12000,8b3a932c84fa84f0b1fec78cfe5963359237f560336031cce73cf856b3b1a68d,18432000,53899201,44912041
10m,42,transformer,switchboard,overlap_filtered,True,51,919425.667734597,300300,823158,1.6114170685417952,21.363642642430417,0,0,607468,12000,8b3a932c84fa84f0b1fec78cfe5963359237f560336031cce73cf856b3b1a68d,18432000,53899201,44912041
10m,43,flm,all,official,True,3187,69675899.01297037,18177107,51722871,1.9434550331804392,46.20868081916079,659,10759157,600003,12000,4b82db3a4d5e3fa205f9e0e06a2175bbac70320a59bebf5f4eb251cbf4e24e33,18432000,53915010,44930336
10m,43,flm,all,overlap_filtered,True,2528,55746530.10421526,13927273,40963714,1.963328875114172,54.74511354970035,659,10759157,600003,12000,4b82db3a4d5e3fa205f9e0e06a2175bbac70320a59bebf5f4eb251cbf4e24e33,18432000,53915010,44930336
10m,43,flm,bnc_spoken,official,True,300,6439746.848123714,1460188,4889225,1.9002174868958608,82.28736904640503,4,64708,600003,12000,4b82db3a4d5e3fa205f9e0e06a2175bbac70320a59bebf5f4eb251cbf4e24e33,18432000,53915010,44930336
10m,43,flm,bnc_spoken,overlap_filtered,True,296,6354878.453140162,1441436,4824517,1.9003252822608852,82.16369762329748,4,64708,600003,12000,4b82db3a4d5e3fa205f9e0e06a2175bbac70320a59bebf5f4eb251cbf4e24e33,18432000,53915010,44930336
10m,43,flm,childes,official,True,899,17447762.11071801,6349354,14707424,1.7115029709990839,15.61073203457751,408,6677120,600003,12000,4b82db3a4d5e3fa205f9e0e06a2175bbac70320a59bebf5f4eb251cbf4e24e33,18432000,53915010,44930336
10m,43,flm,childes,overlap_filtered,True,491,9699491.304529255,3497594,8030304,1.7425751259466615,16.009616927255642,408,6677120,600003,12000,4b82db3a4d5e3fa205f9e0e06a2175bbac70320a59bebf5f4eb251cbf4e24e33,18432000,53915010,44930336
10m,43,flm,gutenberg,official,True,830,18127812.633189578,3896256,13296106,1.966959754086415,104.85973543318153,53,858794,600003,12000,4b82db3a4d5e3fa205f9e0e06a2175bbac70320a59bebf5f4eb251cbf4e24e33,18432000,53915010,44930336
10m,43,flm,gutenberg,overlap_filtered,True,777,16855413.139922574,3627493,12437312,1.9551829968646737,104.22724685155562,53,858794,600003,12000,4b82db3a4d5e3fa205f9e0e06a2175bbac70320a59bebf5f4eb251cbf4e24e33,18432000,53915010,44930336
10m,43,flm,open_subtitles,official,True,635,14839397.20300667,3621022,10388196,2.060870314206555,60.227196001483556,90,1472280,600003,12000,4b82db3a4d5e3fa205f9e0e06a2175bbac70320a59bebf5f4eb251cbf4e24e33,18432000,53915010,44930336
10m,43,flm,open_subtitles,overlap_filtered,True,545,12677775.394812284,3088027,8915916,2.051406012752902,60.670726539430326,90,1472280,600003,12000,4b82db3a4d5e3fa205f9e0e06a2175bbac70320a59bebf5f4eb251cbf4e24e33,18432000,53915010,44930336
10m,43,flm,simple_wiki,official,True,472,11820965.129170913,2549987,7618762,2.238427682919645,103.09967437082892,104,1686255,600003,12000,4b82db3a4d5e3fa205f9e0e06a2175bbac70320a59bebf5f4eb251cbf4e24e33,18432000,53915010,44930336
10m,43,flm,simple_wiki,overlap_filtered,True,368,9158756.723049497,1972423,5932507,2.227269669475647,103.89740654299534,104,1686255,600003,12000,4b82db3a4d5e3fa205f9e0e06a2175bbac70320a59bebf5f4eb251cbf4e24e33,18432000,53915010,44930336
10m,43,flm,switchboard,official,True,51,1000215.0887614859,300300,823158,1.7530113883100331,27.958452706489656,0,0,600003,12000,4b82db3a4d5e3fa205f9e0e06a2175bbac70320a59bebf5f4eb251cbf4e24e33,18432000,53915010,44930336
10m,43,flm,switchboard,overlap_filtered,True,51,1000215.0887614859,300300,823158,1.7530113883100331,27.958452706489656,0,0,600003,12000,4b82db3a4d5e3fa205f9e0e06a2175bbac70320a59bebf5f4eb251cbf4e24e33,18432000,53915010,44930336
10m,43,gru,all,official,True,3187,67843326.02828597,18177107,51722871,1.8923394646523257,41.77717089238891,659,10759157,595408,12000,2e2a8d906634e9490bc44f625eb7a2eba14957eab16d5a00a955c56800567e6d,18432000,53915010,44930336
10m,43,gru,all,overlap_filtered,True,2528,54002405.96754374,13927273,40963714,1.9019028227139738,48.30124185490726,659,10759157,595408,12000,2e2a8d906634e9490bc44f625eb7a2eba14957eab16d5a00a955c56800567e6d,18432000,53915010,44930336
10m,43,gru,bnc_spoken,official,True,300,6257899.82471415,1460188,4889225,1.8465587170758184,72.65199876239285,4,64708,595408,12000,2e2a8d906634e9490bc44f625eb7a2eba14957eab16d5a00a955c56800567e6d,18432000,53915010,44930336
10m,43,gru,bnc_spoken,overlap_filtered,True,296,6175133.191336077,1441436,4824517,1.8465753218341643,72.53105562888805,4,64708,595408,12000,2e2a8d906634e9490bc44f625eb7a2eba14957eab16d5a00a955c56800567e6d,18432000,53915010,44930336
10m,43,gru,childes,official,True,899,17748924.45267342,6349354,14707424,1.7410448824338514,16.369021154090948,408,6677120,595408,12000,2e2a8d906634e9490bc44f625eb7a2eba14957eab16d5a00a955c56800567e6d,18432000,53915010,44930336
10m,43,gru,childes,overlap_filtered,True,491,9872018.745415464,3497594,8030304,1.7735707748515845,16.819132257260737,408,6677120,595408,12000,2e2a8d906634e9490bc44f625eb7a2eba14957eab16d5a00a955c56800567e6d,18432000,53915010,44930336
10m,43,gru,gutenberg,official,True,830,17274510.066613745,3896256,13296106,1.8743720911137536,84.23561633453104,53,858794,595408,12000,2e2a8d906634e9490bc44f625eb7a2eba14957eab16d5a00a955c56800567e6d,18432000,53915010,44930336
10m,43,gru,gutenberg,overlap_filtered,True,777,16058414.214926481,3627493,12437312,1.862733245930895,83.66852899806405,53,858794,595408,12000,2e2a8d906634e9490bc44f625eb7a2eba14957eab16d5a00a955c56800567e6d,18432000,53915010,44930336
10m,43,gru,open_subtitles,official,True,635,14302907.450865647,3621022,10388196,1.9863635273783509,51.93351021310715,90,1472280,595408,12000,2e2a8d906634e9490bc44f625eb7a2eba14957eab16d5a00a955c56800567e6d,18432000,53915010,44930336
10m,43,gru,open_subtitles,overlap_filtered,True,545,12221975.491447382,3088027,8915916,1.9776524847674193,52.345135589053214,90,1472280,595408,12000,2e2a8d906634e9490bc44f625eb7a2eba14957eab16d5a00a955c56800567e6d,18432000,53915010,44930336
10m,43,gru,simple_wiki,official,True,472,11329116.484047405,2549987,7618762,2.1452908187955737,85.01378567017778,104,1686255,595408,12000,2e2a8d906634e9490bc44f625eb7a2eba14957eab16d5a00a955c56800567e6d,18432000,53915010,44930336
10m,43,gru,simple_wiki,overlap_filtered,True,368,8744896.575046735,1972423,5932507,2.1266252061576676,84.23249011885004,104,1686255,595408,12000,2e2a8d906634e9490bc44f625eb7a2eba14957eab16d5a00a955c56800567e6d,18432000,53915010,44930336
10m,43,gru,switchboard,official,True,51,929967.7493716053,300300,823158,1.6298934836387247,22.126936272436676,0,0,595408,12000,2e2a8d906634e9490bc44f625eb7a2eba14957eab16d5a00a955c56800567e6d,18432000,53915010,44930336
10m,43,gru,switchboard,overlap_filtered,True,51,929967.7493716053,300300,823158,1.6298934836387247,22.126936272436676,0,0,595408,12000,2e2a8d906634e9490bc44f625eb7a2eba14957eab16d5a00a955c56800567e6d,18432000,53915010,44930336
10m,43,transformer,all,official,True,3187,67520453.81792088,18177107,51722871,1.8833336587539142,41.04165248646877,659,10759157,607468,12000,a58a43d397482fb86dc17b05c7f370cbaaf9322142c58e07b0bfa8a790ec87df,18432000,53915010,44930336
10m,43,transformer,all,overlap_filtered,True,2528,53671811.90962815,13927273,40963714,1.8902596790307085,47.168207739999765,659,10759157,607468,12000,a58a43d397482fb86dc17b05c7f370cbaaf9322142c58e07b0bfa8a790ec87df,18432000,53915010,44930336
10m,43,transformer,bnc_spoken,official,True,300,6204727.0875693895,1460188,4889225,1.830868695816981,70.05396740443555,4,64708,607468,12000,a58a43d397482fb86dc17b05c7f370cbaaf9322142c58e07b0bfa8a790ec87df,18432000,53915010,44930336
10m,43,transformer,bnc_spoken,overlap_filtered,True,296,6122776.361829012,1441436,4824517,1.8309188450746228,69.94380514874446,4,64708,607468,12000,a58a43d397482fb86dc17b05c7f370cbaaf9322142c58e07b0bfa8a790ec87df,18432000,53915010,44930336
10m,43,transformer,childes,official,True,899,17867618.18269927,6349354,14707424,1.7526879040597259,16.677898874539498,408,6677120,607468,12000,a58a43d397482fb86dc17b05c7f370cbaaf9322142c58e07b0bfa8a790ec87df,18432000,53915010,44930336
10m,43,transformer,childes,overlap_filtered,True,491,9917837.435919508,3497594,8030304,1.7818023931776414,17.040913396783026,408,6677120,607468,12000,a58a43d397482fb86dc17b05c7f370cbaaf9322142c58e07b0bfa8a790ec87df,18432000,53915010,44930336
10m,43,transformer,gutenberg,official,True,830,17083455.912235066,3896256,13296106,1.8536417448707743,80.20473155193513,53,858794,607468,12000,a58a43d397482fb86dc17b05c7f370cbaaf9322142c58e07b0bfa8a790ec87df,18432000,53915010,44930336
10m,43,transformer,gutenberg,overlap_filtered,True,777,15880723.685173834,3627493,12437312,1.8421216181059217,79.6688381281624,53,858794,607468,12000,a58a43d397482fb86dc17b05c7f370cbaaf9322142c58e07b0bfa8a790ec87df,18432000,53915010,44930336
10m,43,transformer,open_subtitles,official,True,635,14211078.726967808,3621022,10388196,1.973610509955636,50.63304161249975,90,1472280,607468,12000,a58a43d397482fb86dc17b05c7f370cbaaf9322142c58e07b0bfa8a790ec87df,18432000,53915010,44930336
10m,43,transformer,open_subtitles,overlap_filtered,True,545,12142998.713165507,3088027,8915916,1.9648731577333098,51.02337464580301,90,1472280,607468,12000,a58a43d397482fb86dc17b05c7f370cbaaf9322142c58e07b0bfa8a790ec87df,18432000,53915010,44930336
10m,43,transformer,simple_wiki,official,True,472,11239324.448496152,2549987,7618762,2.1282877250644505,82.07230977578897,104,1686255,607468,12000,a58a43d397482fb86dc17b05c7f370cbaaf9322142c58e07b0bfa8a790ec87df,18432000,53915010,44930336
10m,43,transformer,simple_wiki,overlap_filtered,True,368,8693226.253587097,1972423,5932507,2.1140597736127154,82.05455622434636,104,1686255,607468,12000,a58a43d397482fb86dc17b05c7f370cbaaf9322142c58e07b0bfa8a790ec87df,18432000,53915010,44930336
10m,43,transformer,switchboard,official,True,51,914249.4599531963,300300,823158,1.6023450686379643,20.998557525407335,0,0,607468,12000,a58a43d397482fb86dc17b05c7f370cbaaf9322142c58e07b0bfa8a790ec87df,18432000,53915010,44930336
10m,43,transformer,switchboard,overlap_filtered,True,51,914249.4599531963,300300,823158,1.6023450686379643,20.998557525407335,0,0,607468,12000,a58a43d397482fb86dc17b05c7f370cbaaf9322142c58e07b0bfa8a790ec87df,18432000,53915010,44930336
100m,42,flm,all,official,True,3187,68091466.003194,18177107,51722871,1.899260780200454,42.351391398144145,659,10759157,600003,12000,6eebf5f1305b8a45ca4864fcc2d130d716faf609842b5114c5a184cd393804c5,18432000,52740662,43947258
100m,42,flm,all,overlap_filtered,True,2528,54724985.503400885,13927273,40963714,1.9273512455066175,50.873370473591734,659,10759157,600003,12000,6eebf5f1305b8a45ca4864fcc2d130d716faf609842b5114c5a184cd393804c5,18432000,52740662,43947258
100m,42,flm,bnc_spoken,official,True,300,6402922.6946569225,1460188,4889225,1.8893515472854985,80.23813060232212,4,64708,600003,12000,6eebf5f1305b8a45ca4864fcc2d130d716faf609842b5114c5a184cd393804c5,18432000,52740662,43947258
100m,42,flm,bnc_spoken,overlap_filtered,True,296,6318163.031465522,1441436,4824517,1.8893461196267498,80.09730033459039,4,64708,600003,12000,6eebf5f1305b8a45ca4864fcc2d130d716faf609842b5114c5a184cd393804c5,18432000,52740662,43947258
100m,42,flm,childes,official,True,899,16385109.51325826,6349354,14707424,1.6072642115437938,13.204989315290556,408,6677120,600003,12000,6eebf5f1305b8a45ca4864fcc2d130d716faf609842b5114c5a184cd393804c5,18432000,52740662,43947258
100m,42,flm,childes,overlap_filtered,True,491,9070387.85129381,3497594,8030304,1.6295527008692423,13.374128205989905,408,6677120,600003,12000,6eebf5f1305b8a45ca4864fcc2d130d716faf609842b5114c5a184cd393804c5,18432000,52740662,43947258
100m,42,flm,gutenberg,official,True,830,17870403.245617766,3896256,13296106,1.9390295279790029,98.15597291388434,53,858794,600003,12000,6eebf5f1305b8a45ca4864fcc2d130d716faf609842b5114c5a184cd393804c5,18432000,52740662,43947258
100m,42,flm,gutenberg,overlap_filtered,True,777,16616525.682191726,3627493,12437312,1.9274726885119633,97.58452082761335,53,858794,600003,12000,6eebf5f1305b8a45ca4864fcc2d130d716faf609842b5114c5a184cd393804c5,18432000,52740662,43947258
100m,42,flm,open_subtitles,official,True,635,14818246.77632131,3621022,10388196,2.057932978822081,59.876433731449154,90,1472280,600003,12000,6eebf5f1305b8a45ca4864fcc2d130d716faf609842b5114c5a184cd393804c5,18432000,52740662,43947258
100m,42,flm,open_subtitles,overlap_filtered,True,545,12656823.72010429,3088027,8915916,2.04801579718789,60.26048051621598,90,1472280,600003,12000,6eebf5f1305b8a45ca4864fcc2d130d716faf609842b5114c5a184cd393804c5,18432000,52740662,43947258
100m,42,flm,simple_wiki,official,True,472,11673330.720039476,2549987,7618762,2.2104715097358003,97.3001071827307,104,1686255,600003,12000,6eebf5f1305b8a45ca4864fcc2d130d716faf609842b5114c5a184cd393804c5,18432000,52740662,43947258
100m,42,flm,simple_wiki,overlap_filtered,True,368,9121632.165045261,1972423,5932507,2.218241544312389,101.96015842141829,104,1686255,600003,12000,6eebf5f1305b8a45ca4864fcc2d130d716faf609842b5114c5a184cd393804c5,18432000,52740662,43947258
100m,42,flm,switchboard,official,True,51,941453.0533002756,300300,823158,1.6500230225862842,22.989596845299847,0,0,600003,12000,6eebf5f1305b8a45ca4864fcc2d130d716faf609842b5114c5a184cd393804c5,18432000,52740662,43947258
100m,42,flm,switchboard,overlap_filtered,True,51,941453.0533002756,300300,823158,1.6500230225862842,22.989596845299847,0,0,600003,12000,6eebf5f1305b8a45ca4864fcc2d130d716faf609842b5114c5a184cd393804c5,18432000,52740662,43947258
100m,42,gru,all,official,True,3187,66300539.760737926,18177107,51722871,1.8493068553962937,38.377632475857,659,10759157,595408,12000,c9fab91703328a7da9dda6fc26e4161f741265099ffe0e7194432f171ad1a888,18432000,52740662,43947258
100m,42,gru,all,overlap_filtered,True,2528,53008957.16485541,13927273,40963714,1.866914694903699,44.97586860247898,659,10759157,595408,12000,c9fab91703328a7da9dda6fc26e4161f741265099ffe0e7194432f171ad1a888,18432000,52740662,43947258
100m,42,gru,bnc_spoken,official,True,300,6190365.351100474,1460188,4889225,1.826630885942766,69.36832620720209,4,64708,595408,12000,c9fab91703328a7da9dda6fc26e4161f741265099ffe0e7194432f171ad1a888,18432000,52740662,43947258
100m,42,gru,bnc_spoken,overlap_filtered,True,296,6108000.857986056,1441436,4824517,1.8265004657589594,69.23050516483856,4,64708,595408,12000,c9fab91703328a7da9dda6fc26e4161f741265099ffe0e7194432f171ad1a888,18432000,52740662,43947258
100m,42,gru,childes,official,True,899,16875234.02934128,6349354,14707424,1.6553419856510119,14.264694277311754,408,6677120,595408,12000,c9fab91703328a7da9dda6fc26e4161f741265099ffe0e7194432f171ad1a888,18432000,52740662,43947258
100m,42,gru,childes,overlap_filtered,True,491,9360083.601644266,3497594,8030304,1.6815983796377187,14.529037918482391,408,6677120,595408,12000,c9fab91703328a7da9dda6fc26e4161f741265099ffe0e7194432f171ad1a888,18432000,52740662,43947258
100m,42,gru,gutenberg,official,True,830,16940835.930124596,3896256,13296106,1.8381667523487197,77.32197085973615,53,858794,595408,12000,c9fab91703328a7da9dda6fc26e4161f741265099ffe0e7194432f171ad1a888,18432000,52740662,43947258
100m,42,gru,gutenberg,overlap_filtered,True,777,15747649.909976875,3627493,12437312,1.8266854148854004,76.79916301001938,53,858794,595408,12000,c9fab91703328a7da9dda6fc26e4161f741265099ffe0e7194432f171ad1a888,18432000,52740662,43947258
100m,42,gru,open_subtitles,official,True,635,14287993.19242523,3621022,10388196,1.9842922604624662,51.72004648003404,90,1472280,595408,12000,c9fab91703328a7da9dda6fc26e4161f741265099ffe0e7194432f171ad1a888,18432000,52740662,43947258
100m,42,gru,open_subtitles,overlap_filtered,True,545,12206746.730431639,3088027,8915916,1.9751883007176487,52.087628387590435,90,1472280,595408,12000,c9fab91703328a7da9dda6fc26e4161f741265099ffe0e7194432f171ad1a888,18432000,52740662,43947258
100m,42,gru,simple_wiki,official,True,472,11123840.8355282,2549987,7618762,2.106419653095172,78.4383340815121,104,1686255,595408,12000,c9fab91703328a7da9dda6fc26e4161f741265099ffe0e7194432f171ad1a888,18432000,52740662,43947258
100m,42,gru,simple_wiki,overlap_filtered,True,368,8704205.642598437,1972423,5932507,2.116729793231512,82.51258220707332,104,1686255,595408,12000,c9fab91703328a7da9dda6fc26e4161f741265099ffe0e7194432f171ad1a888,18432000,52740662,43947258
100m,42,gru,switchboard,official,True,51,882270.4222181407,300300,823158,1.5462975065019395,18.877362331697093,0,0,595408,12000,c9fab91703328a7da9dda6fc26e4161f741265099ffe0e7194432f171ad1a888,18432000,52740662,43947258
100m,42,gru,switchboard,overlap_filtered,True,51,882270.4222181407,300300,823158,1.5462975065019395,18.877362331697093,0,0,595408,12000,c9fab91703328a7da9dda6fc26e4161f741265099ffe0e7194432f171ad1a888,18432000,52740662,43947258
100m,42,transformer,all,official,True,3187,63611523.37958434,18177107,51722871,1.7743026933504655,33.10024119888223,659,10759157,607468,11500,a0bd9609db1198ebb3991898de23cd0aaa272f4e4ce97db53f5269e029a4185d,18432000,52740662,43947258
100m,42,transformer,all,overlap_filtered,True,2528,51259752.920925535,13927273,40963714,1.8053097269503648,39.66743167311887,659,10759157,607468,11500,a0bd9609db1198ebb3991898de23cd0aaa272f4e4ce97db53f5269e029a4185d,18432000,52740662,43947258
100m,42,transformer,bnc_spoken,official,True,300,6126718.7439666735,1460188,4889225,1.8078502725569348,66.40965249311128,4,64708,607468,11500,a0bd9609db1198ebb3991898de23cd0aaa272f4e4ce97db53f5269e029a4185d,18432000,52740662,43947258
100m,42,transformer,bnc_spoken,overlap_filtered,True,296,6045274.789387574,1441436,4824517,1.8077432330449923,66.28245403903038,4,64708,607468,11500,a0bd9609db1198ebb3991898de23cd0aaa272f4e4ce97db53f5269e029a4185d,18432000,52740662,43947258
100m,42,transformer,childes,official,True,899,14931993.762155145,6349354,14707424,1.4647237579637444,10.503770920311851,408,6677120,607468,11500,a0bd9609db1198ebb3991898de23cd0aaa272f4e4ce97db53f5269e029a4185d,18432000,52740662,43947258
100m,42,transformer,childes,overlap_filtered,True,491,8249690.600248834,3497594,8030304,1.4821092349489244,10.576937025338612,408,6677120,607468,11500,a0bd9609db1198ebb3991898de23cd0aaa272f4e4ce97db53f5269e029a4185d,18432000,52740662,43947258
100m,42,transformer,gutenberg,official,True,830,16757668.116934014,3896256,13296106,1.8182921141846942,73.77108900339474,53,858794,607468,11500,a0bd9609db1198ebb3991898de23cd0aaa272f4e4ce97db53f5269e029a4185d,18432000,52740662,43947258
100m,42,transformer,gutenberg,overlap_filtered,True,777,15577957.57895222,3627493,12437312,1.8070015567940252,73.28927162714582,53,858794,607468,11500,a0bd9609db1198ebb3991898de23cd0aaa272f4e4ce97db53f5269e029a4185d,18432000,52740662,43947258
100m,42,transformer,open_subtitles,official,True,635,14090823.26550484,3621022,10388196,1.9569096354349362,48.97911558512652,90,1472280,607468,11500,a0bd9609db1198ebb3991898de23cd0aaa272f4e4ce97db53f5269e029a4185d,18432000,52740662,43947258
100m,42,transformer,open_subtitles,overlap_filtered,True,545,12039844.254160691,3088027,8915916,1.9481816112391717,49.347110095342124,90,1472280,607468,11500,a0bd9609db1198ebb3991898de23cd0aaa272f4e4ce97db53f5269e029a4185d,18432000,52740662,43947258
100m,42,transformer,simple_wiki,official,True,472,10831627.118160741,2549987,7618762,2.0510858231467153,69.94565365237351,104,1686255,607468,11500,a0bd9609db1198ebb3991898de23cd0aaa272f4e4ce97db53f5269e029a4185d,18432000,52740662,43947258
100m,42,transformer,simple_wiki,overlap_filtered,True,368,8474293.325313287,1972423,5932507,2.060818631224189,73.43402619374965,104,1686255,607468,11500,a0bd9609db1198ebb3991898de23cd0aaa272f4e4ce97db53f5269e029a4185d,18432000,52740662,43947258
100m,42,transformer,switchboard,official,True,51,872692.372862927,300300,823158,1.5295106875605498,18.28477063624005,0,0,607468,11500,a0bd9609db1198ebb3991898de23cd0aaa272f4e4ce97db53f5269e029a4185d,18432000,52740662,43947258
100m,42,transformer,switchboard,overlap_filtered,True,51,872692.372862927,300300,823158,1.5295106875605498,18.28477063624005,0,0,607468,11500,a0bd9609db1198ebb3991898de23cd0aaa272f4e4ce97db53f5269e029a4185d,18432000,52740662,43947258
100m,43,flm,all,official,True,3187,67943054.65776904,18177107,51722871,1.895121174105188,42.00701111625312,659,10759157,600003,12000,16e902668e38e35ee66c5c0cddda862d871aceb7b6c2cb1f96369b7d2b5fbdb9,18432000,52746800,43956184
100m,43,flm,all,overlap_filtered,True,2528,54636904.5244017,13927273,40963714,1.924249134413889,50.55264462407292,659,10759157,600003,12000,16e902668e38e35ee66c5c0cddda862d871aceb7b6c2cb1f96369b7d2b5fbdb9,18432000,52746800,43956184
100m,43,flm,bnc_spoken,official,True,300,6389438.219001144,1460188,4889225,1.885372596397049,79.50056215017374,4,64708,600003,12000,16e902668e38e35ee66c5c0cddda862d871aceb7b6c2cb1f96369b7d2b5fbdb9,18432000,52746800,43956184
100m,43,flm,bnc_spoken,overlap_filtered,True,296,6304796.078781272,1441436,4824517,1.8853489451221592,79.3579627287739,4,64708,600003,12000,16e902668e38e35ee66c5c0cddda862d871aceb7b6c2cb1f96369b7d2b5fbdb9,18432000,52746800,43956184
100m,43,flm,childes,official,True,899,16251919.372394959,6349354,14707424,1.5941991937868578,12.930873896559982,408,6677120,600003,12000,16e902668e38e35ee66c5c0cddda862d871aceb7b6c2cb1f96369b7d2b5fbdb9,18432000,52746800,43956184
100m,43,flm,childes,overlap_filtered,True,491,8997088.061819049,3497594,8030304,1.6163839288310429,13.096760456444079,408,6677120,600003,12000,16e902668e38e35ee66c5c0cddda862d871aceb7b6c2cb1f96369b7d2b5fbdb9,18432000,52746800,43956184
100m,43,flm,gutenberg,official,True,830,17854803.504801203,3896256,13296106,1.937336876858802,97.76376395312577,53,858794,600003,12000,16e902668e38e35ee66c5c0cddda862d871aceb7b6c2cb1f96369b7d2b5fbdb9,18432000,52746800,43956184
100m,43,flm,gutenberg,overlap_filtered,True,777,16599808.49432097,3627493,12437312,1.9255335392778885,97.13584027912174,53,858794,600003,12000,16e902668e38e35ee66c5c0cddda862d871aceb7b6c2cb1f96369b7d2b5fbdb9,18432000,52746800,43956184
100m,43,flm,open_subtitles,official,True,635,14806636.218892394,3621022,10388196,2.0563205242992115,59.68475154633693,90,1472280,600003,12000,16e902668e38e35ee66c5c0cddda862d871aceb7b6c2cb1f96369b7d2b5fbdb9,18432000,52746800,43956184
100m,43,flm,open_subtitles,overlap_filtered,True,545,12649836.337847708,3088027,8915916,2.046885160500603,60.124281255414864,90,1472280,600003,12000,16e902668e38e35ee66c5c0cddda862d871aceb7b6c2cb1f96369b7d2b5fbdb9,18432000,52746800,43956184
100m,43,flm,simple_wiki,official,True,472,11701875.591955615,2549987,7618762,2.215876790168005,98.39541576778664,104,1686255,600003,12000,16e902668e38e35ee66c5c0cddda862d871aceb7b6c2cb1f96369b7d2b5fbdb9,18432000,52746800,43956184
100m,43,flm,simple_wiki,overlap_filtered,True,368,9146993.800908983,1972423,5932507,2.224409106573912,103.2796383903039,104,1686255,600003,12000,16e902668e38e35ee66c5c0cddda862d871aceb7b6c2cb1f96369b7d2b5fbdb9,18432000,52746800,43956184
100m,43,flm,switchboard,official,True,51,938381.7507237197,300300,823158,1.6446401519876062,22.755670218704285,0,0,600003,12000,16e902668e38e35ee66c5c0cddda862d871aceb7b6c2cb1f96369b7d2b5fbdb9,18432000,52746800,43956184
100m,43,flm,switchboard,overlap_filtered,True,51,938381.7507237197,300300,823158,1.6446401519876062,22.755670218704285,0,0,600003,12000,16e902668e38e35ee66c5c0cddda862d871aceb7b6c2cb1f96369b7d2b5fbdb9,18432000,52746800,43956184
100m,43,gru,all,official,True,3187,65753158.69243616,18177107,51722871,1.8340388716698013,37.23916539321878,659,10759157,595408,12000,a4aeefeaf45dbc16dd009cca3695591e945a495cd6711e4761a86ab69fd67b17,18432000,52746800,43956184
100m,43,gru,all,overlap_filtered,True,2528,52739944.82078541,13927273,40963714,1.857440388576697,44.11547311948135,659,10759157,595408,12000,a4aeefeaf45dbc16dd009cca3695591e945a495cd6711e4761a86ab69fd67b17,18432000,52746800,43956184
100m,43,gru,bnc_spoken,official,True,300,6204198.875875096,1460188,4889225,1.8307128329978437,70.0286305075506,4,64708,595408,12000,a4aeefeaf45dbc16dd009cca3695591e945a495cd6711e4761a86ab69fd67b17,18432000,52746800,43956184
100m,43,gru,bnc_spoken,overlap_filtered,True,296,6121805.342759679,1441436,4824517,1.8306284772728443,69.89670357937024,4,64708,595408,12000,a4aeefeaf45dbc16dd009cca3695591e945a495cd6711e4761a86ab69fd67b17,18432000,52746800,43956184
100m,43,gru,childes,official,True,899,16288698.238398343,6349354,14707424,1.597806942335659,13.005993815439448,408,6677120,595408,12000,a4aeefeaf45dbc16dd009cca3695591e945a495cd6711e4761a86ab69fd67b17,18432000,52746800,43956184
100m,43,gru,childes,overlap_filtered,True,491,9048251.44673915,3497594,8030304,1.6255757554043984,13.289750140978907,408,6677120,595408,12000,a4aeefeaf45dbc16dd009cca3695591e945a495cd6711e4761a86ab69fd67b17,18432000,52746800,43956184
100m,43,gru,gutenberg,official,True,830,16974948.574242603,3896256,13296106,1.8418681475166476,78.00191522211003,53,858794,595408,12000,a4aeefeaf45dbc16dd009cca3695591e945a495cd6711e4761a86ab69fd67b17,18432000,52746800,43956184
100m,43,gru,gutenberg,overlap_filtered,True,777,15778973.65504637,3627493,12437312,1.8303188858213897,77.46520256338505,53,858794,595408,12000,a4aeefeaf45dbc16dd009cca3695591e945a495cd6711e4761a86ab69fd67b17,18432000,52746800,43956184
100m,43,gru,open_subtitles,official,True,635,14281952.794747975,3621022,10388196,1.9834533802782672,51.633841750867134,90,1472280,595408,12000,a4aeefeaf45dbc16dd009cca3695591e945a495cd6711e4761a86ab69fd67b17,18432000,52746800,43956184
100m,43,gru,open_subtitles,overlap_filtered,True,545,12202575.68453306,3088027,8915916,1.9745133787877873,52.01732031494575,90,1472280,595408,12000,a4aeefeaf45dbc16dd009cca3695591e945a495cd6711e4761a86ab69fd67b17,18432000,52746800,43956184
100m,43,gru,simple_wiki,official,True,472,11120800.486031186,2549987,7618762,2.105843930012877,78.34486778688559,104,1686255,595408,12000,a4aeefeaf45dbc16dd009cca3695591e945a495cd6711e4761a86ab69fd67b17,18432000,52746800,43956184
100m,43,gru,simple_wiki,overlap_filtered,True,368,8705778.968566198,1972423,5932507,2.1171124020630554,82.57842557733898,104,1686255,595408,12000,a4aeefeaf45dbc16dd009cca3695591e945a495cd6711e4761a86ab69fd67b17,18432000,52746800,43956184
100m,43,gru,switchboard,official,True,51,882559.723140957,300300,823158,1.5468045452559473,18.8955570363016,0,0,595408,12000,a4aeefeaf45dbc16dd009cca3695591e945a495cd6711e4761a86ab69fd67b17,18432000,52746800,43956184
100m,43,gru,switchboard,overlap_filtered,True,51,882559.723140957,300300,823158,1.5468045452559473,18.8955570363016,0,0,595408,12000,a4aeefeaf45dbc16dd009cca3695591e945a495cd6711e4761a86ab69fd67b17,18432000,52746800,43956184
100m,43,transformer,all,official,True,3187,65525969.683073856,18177107,51722871,1.8277019369479939,36.77662328447343,659,10759157,607468,12000,679a48d10a0d4dfc627479ee2049faa96dab06238b0307086e3c7b69d608bbe6,18432000,52746800,43956184
100m,43,transformer,all,overlap_filtered,True,2528,52404948.01696438,13927273,40963714,1.8456421852305296,43.06701067504426,659,10759157,607468,12000,679a48d10a0d4dfc627479ee2049faa96dab06238b0307086e3c7b69d608bbe6,18432000,52746800,43956184
100m,43,transformer,bnc_spoken,official,True,300,6140095.376169144,1460188,4889225,1.8117974013845708,67.0208196401075,4,64708,607468,12000,679a48d10a0d4dfc627479ee2049faa96dab06238b0307086e3c7b69d608bbe6,18432000,52746800,43956184
100m,43,transformer,bnc_spoken,overlap_filtered,True,296,6058686.746105582,1441436,4824517,1.811753865289772,66.90206257010396,4,64708,607468,12000,679a48d10a0d4dfc627479ee2049faa96dab06238b0307086e3c7b69d608bbe6,18432000,52746800,43956184
100m,43,transformer,childes,official,True,899,16583815.351623686,6349354,14707424,1.626755859272552,13.624779792149575,408,6677120,607468,12000,679a48d10a0d4dfc627479ee2049faa96dab06238b0307086e3c7b69d608bbe6,18432000,52746800,43956184
100m,43,transformer,childes,overlap_filtered,True,491,9183340.365325687,3497594,8030304,1.649845336347268,13.813086732131564,408,6677120,607468,12000,679a48d10a0d4dfc627479ee2049faa96dab06238b0307086e3c7b69d608bbe6,18432000,52746800,43956184
100m,43,transformer,gutenberg,official,True,830,16793462.970545005,3896256,13296106,1.8221760376276874,74.45194576886838,53,858794,607468,12000,679a48d10a0d4dfc627479ee2049faa96dab06238b0307086e3c7b69d608bbe6,18432000,52746800,43956184
100m,43,transformer,gutenberg,overlap_filtered,True,777,15609197.927759951,3627493,12437312,1.810625353985939,73.9231721844873,53,858794,607468,12000,679a48d10a0d4dfc627479ee2049faa96dab06238b0307086e3c7b69d608bbe6,18432000,52746800,43956184
100m,43,transformer,open_subtitles,official,True,635,14153525.029837085,3621022,10388196,1.9656175501158988,49.83462559053657,90,1472280,607468,12000,679a48d10a0d4dfc627479ee2049faa96dab06238b0307086e3c7b69d608bbe6,18432000,52746800,43956184
100m,43,transformer,open_subtitles,overlap_filtered,True,545,12091907.187712912,3088027,8915916,1.9566059768399602,50.18613612078534,90,1472280,607468,12000,679a48d10a0d4dfc627479ee2049faa96dab06238b0307086e3c7b69d608bbe6,18432000,52746800,43956184
100m,43,transformer,simple_wiki,official,True,472,10979276.10250434,2549987,7618762,2.0790447563047274,74.11518386666661,104,1686255,607468,12000,679a48d10a0d4dfc627479ee2049faa96dab06238b0307086e3c7b69d608bbe6,18432000,52746800,43956184
100m,43,transformer,simple_wiki,overlap_filtered,True,368,8586020.937665656,1972423,5932507,2.087989079109228,77.71375386031627,104,1686255,607468,12000,679a48d10a0d4dfc627479ee2049faa96dab06238b0307086e3c7b69d608bbe6,18432000,52746800,43956184
100m,43,transformer,switchboard,official,True,51,875794.8523945971,300300,823158,1.5349481999637578,18.47465466925756,0,0,607468,12000,679a48d10a0d4dfc627479ee2049faa96dab06238b0307086e3c7b69d608bbe6,18432000,52746800,43956184
100m,43,transformer,switchboard,overlap_filtered,True,51,875794.8523945971,300300,823158,1.5349481999637578,18.47465466925756,0,0,607468,12000,679a48d10a0d4dfc627479ee2049faa96dab06238b0307086e3c7b69d608bbe6,18432000,52746800,43956184
