scale,subset,component,variant,seed_42_bpb,seed_43_bpb,mean_bpb,seed_standard_deviation,scored_bytes_per_seed
10m,official,all,flm,1.9519692567750315,1.9434550331804392,1.9477121449777353,0.006020465240274723,51722871
10m,official,all,gru,1.895147266757151,1.8923394646523257,1.8937433657047382,0.0019854159085517815,51722871
10m,official,all,transformer,1.8656056071683975,1.8833336587539142,1.8744696329611559,0.012535625493343793,51722871
10m,official,bnc_spoken,flm,1.9068821314095028,1.9002174868958608,1.9035498091526817,0.004712615329793989,4889225
10m,official,bnc_spoken,gru,1.845754184079927,1.8465587170758184,1.8461564505778727,0.0005688907370831726,4889225
10m,official,bnc_spoken,transformer,1.8218106292480913,1.830868695816981,1.8263396625325363,0.006405020295301102,4889225
10m,official,childes,flm,1.7332785786733909,1.7115029709990839,1.7223907748362373,0.015397679850960286,14707424
10m,official,childes,gru,1.7403130091277614,1.7410448824338514,1.7406789457808065,0.0005175125777056039,14707424
10m,official,childes,transformer,1.7283896359175628,1.7526879040597259,1.7405387699886443,0.01718147017441256,14707424
10m,official,gutenberg,flm,1.9711795690758878,1.966959754086415,1.9690696615811514,0.0029838597944088353,13296106
10m,official,gutenberg,gru,1.8739917800027117,1.8743720911137536,1.8741819355582328,0.0002689205655782924,13296106
10m,official,gutenberg,transformer,1.8501284923607002,1.8536417448707743,1.8518851186157372,0.002484244673894028,13296106
10m,official,open_subtitles,flm,2.0657610962070745,2.060870314206555,2.063315705206815,0.0034583051178724553,10388196
10m,official,open_subtitles,gru,1.994433789487252,1.9863635273783509,1.9903986584328015,0.00570653706315678,10388196
10m,official,open_subtitles,transformer,1.9567327635065865,1.973610509955636,1.9651716367311112,0.011934368965270068,10388196
10m,official,simple_wiki,flm,2.2336021957617724,2.238427682919645,2.2360149393407087,0.0034121346918602915,7618762
10m,official,simple_wiki,gru,2.1538377307316243,2.1452908187955737,2.1495642747635992,0.006043579388185634,7618762
10m,official,simple_wiki,transformer,2.0888167925096135,2.1282877250644505,2.1085522587870322,0.02791016406928212,7618762
10m,official,switchboard,flm,1.7741285686413246,1.7530113883100331,1.7635699784756789,0.014932101411795408,823158
10m,official,switchboard,gru,1.649366542682317,1.6298934836387247,1.6396300131605208,0.01376953210017015,823158
10m,official,switchboard,transformer,1.6114170685417952,1.6023450686379643,1.6068810685898798,0.006414872650922533,823158
10m,overlap_filtered,all,flm,1.9703542742517726,1.963328875114172,1.9668415746829724,0.004967707370739496,40963714
10m,overlap_filtered,all,gru,1.905252243492996,1.9019028227139738,1.9035775331034848,0.0023683981458936672,40963714
10m,overlap_filtered,all,transformer,1.875141289024939,1.8902596790307085,1.8827004840278239,0.010690316093702485,40963714
10m,overlap_filtered,bnc_spoken,flm,1.9069680206766038,1.9003252822608852,1.9036466514687445,0.004697125379403011,4824517
10m,overlap_filtered,bnc_spoken,gru,1.845732886955835,1.8465753218341643,1.8461541043949996,0.0005956914151747522,4824517
10m,overlap_filtered,bnc_spoken,transformer,1.8218149192260111,1.8309188450746228,1.826366882150317,0.006437447702972784,4824517
10m,overlap_filtered,childes,flm,1.7627515110703826,1.7425751259466615,1.752663318508522,0.014266858740814573,8030304
10m,overlap_filtered,childes,gru,1.7753664206011017,1.7735707748515845,1.7744685977263432,0.0012697132860924009,8030304
10m,overlap_filtered,childes,transformer,1.761044586602622,1.7818023931776414,1.7714234898901318,0.014677985791754888,8030304
10m,overlap_filtered,gutenberg,flm,1.959330026313611,1.9551829968646737,1.9572565115891423,0.002932392645123955,12437312
10m,overlap_filtered,gutenberg,gru,1.862415885460486,1.862733245930895,1.8625745656956905,0.0002244077407067412,12437312
10m,overlap_filtered,gutenberg,transformer,1.838891718447426,1.8421216181059217,1.840506668276674,0.002283883951074372,12437312
10m,overlap_filtered,open_subtitles,flm,2.0568585512313113,2.051406012752902,2.0541322819921066,0.0038555269327638876,8915916
10m,overlap_filtered,open_subtitles,gru,1.9857138375284826,1.9776524847674193,1.9816831611479508,0.005700237202884789,8915916
10m,overlap_filtered,open_subtitles,transformer,1.9483745266718024,1.9648731577333098,1.9566238422025561,0.011666293903886887,8915916
10m,overlap_filtered,simple_wiki,flm,2.2232479094193556,2.227269669475647,2.2252587894475013,0.0028438138081089193,5932507
10m,overlap_filtered,simple_wiki,gru,2.1338553430612097,2.1266252061576676,2.130240274609439,0.005112478833401745,5932507
10m,overlap_filtered,simple_wiki,transformer,2.075477792504412,2.1140597736127154,2.094768783058564,0.02728158047329249,5932507
10m,overlap_filtered,switchboard,flm,1.7741285686413246,1.7530113883100331,1.7635699784756789,0.014932101411795408,823158
10m,overlap_filtered,switchboard,gru,1.649366542682317,1.6298934836387247,1.6396300131605208,0.01376953210017015,823158
10m,overlap_filtered,switchboard,transformer,1.6114170685417952,1.6023450686379643,1.6068810685898798,0.006414872650922533,823158
100m,official,all,flm,1.899260780200454,1.895121174105188,1.897190977152821,0.002927143541403661,51722871
100m,official,all,gru,1.8493068553962937,1.8340388716698013,1.8416728635330475,0.010796094828048634,51722871
100m,official,all,transformer,1.7743026933504655,1.8277019369479939,1.8010023151492298,0.037758967258044625,51722871
100m,official,bnc_spoken,flm,1.8893515472854985,1.885372596397049,1.8873620718412738,0.002813543155230931,4889225
100m,official,bnc_spoken,gru,1.826630885942766,1.8307128329978437,1.8286718594703049,0.002886372443089896,4889225
100m,official,bnc_spoken,transformer,1.8078502725569348,1.8117974013845708,1.8098238369707529,0.0027910415602383494,4889225
100m,official,childes,flm,1.6072642115437938,1.5941991937868578,1.6007317026653258,0.00923836265225212,14707424
100m,official,childes,gru,1.6553419856510119,1.597806942335659,1.6265744639933355,0.04068341928414783,14707424
100m,official,childes,transformer,1.4647237579637444,1.626755859272552,1.5457398086181482,0.11457399760536345,14707424
100m,official,gutenberg,flm,1.9390295279790029,1.937336876858802,1.9381832024189025,0.0011968850852770584,13296106
100m,official,gutenberg,gru,1.8381667523487197,1.8418681475166476,1.8400174499326836,0.002617281623092931,13296106
100m,official,gutenberg,transformer,1.8182921141846942,1.8221760376276874,1.8202340759061908,0.0027463486041499406,13296106
100m,official,open_subtitles,flm,2.057932978822081,2.0563205242992115,2.057126751560646,0.0011401775274757931,10388196
100m,official,open_subtitles,gru,1.9842922604624662,1.9834533802782672,1.9838728203703666,0.0005931778668501157,10388196
100m,official,open_subtitles,transformer,1.9569096354349362,1.9656175501158988,1.9612635927754174,0.006157425520902509,10388196
100m,official,simple_wiki,flm,2.2104715097358003,2.215876790168005,2.213174149951903,0.003822110447826877,7618762
100m,official,simple_wiki,gru,2.106419653095172,2.105843930012877,2.1061317915540245,0.00040709769557635946,7618762
100m,official,simple_wiki,transformer,2.0510858231467153,2.0790447563047274,2.0650652897257213,0.019769951230771785,7618762
100m,official,switchboard,flm,1.6500230225862842,1.6446401519876062,1.6473315872869452,0.0038062643025749297,823158
100m,official,switchboard,gru,1.5462975065019395,1.5468045452559473,1.5465510258789434,0.00035853054128330434,823158
100m,official,switchboard,transformer,1.5295106875605498,1.5349481999637578,1.5322294437621538,0.0038449018930943376,823158
100m,overlap_filtered,all,flm,1.9273512455066175,1.924249134413889,1.9258001899602533,0.0021935237896623405,40963714
100m,overlap_filtered,all,gru,1.866914694903699,1.857440388576697,1.862177541740198,0.006699346250861704,40963714
100m,overlap_filtered,all,transformer,1.8053097269503648,1.8456421852305296,1.8254759560904472,0.028519354751828006,40963714
100m,overlap_filtered,bnc_spoken,flm,1.8893461196267498,1.8853489451221592,1.8873475323744544,0.00282642919778198,4824517
100m,overlap_filtered,bnc_spoken,gru,1.8265004657589594,1.8306284772728443,1.828564471515902,0.002918944934284135,4824517
100m,overlap_filtered,bnc_spoken,transformer,1.8077432330449923,1.811753865289772,1.8097485491673821,0.0028359452571291585,4824517
100m,overlap_filtered,childes,flm,1.6295527008692423,1.6163839288310429,1.6229683148501426,0.009311728008110616,8030304
100m,overlap_filtered,childes,gru,1.6815983796377187,1.6255757554043984,1.6535870675210584,0.03961397749524665,8030304
100m,overlap_filtered,childes,transformer,1.4821092349489244,1.649845336347268,1.5659772856480962,0.1186073347485631,8030304
100m,overlap_filtered,gutenberg,flm,1.9274726885119633,1.9255335392778885,1.9265031138949258,0.0013711855731469826,12437312
100m,overlap_filtered,gutenberg,gru,1.8266854148854004,1.8303188858213897,1.828502150353395,0.0025692519380822757,12437312
100m,overlap_filtered,gutenberg,transformer,1.8070015567940252,1.810625353985939,1.808813455389982,0.0025624115680469794,12437312
100m,overlap_filtered,open_subtitles,flm,2.04801579718789,2.046885160500603,2.0474504788442465,0.0007994808686387518,8915916
100m,overlap_filtered,open_subtitles,gru,1.9751883007176487,1.9745133787877873,1.974850839752718,0.0004772418733765109,8915916
100m,overlap_filtered,open_subtitles,transformer,1.9481816112391717,1.9566059768399602,1.952393794039566,0.005956926043512245,8915916
100m,overlap_filtered,simple_wiki,flm,2.218241544312389,2.224409106573912,2.2213253254431504,0.00436112509851326,5932507
100m,overlap_filtered,simple_wiki,gru,2.116729793231512,2.1171124020630554,2.1169210976472836,0.0002705452993262754,5932507
100m,overlap_filtered,simple_wiki,transformer,2.060818631224189,2.087989079109228,2.0744038551667083,0.01921240794738659,5932507
100m,overlap_filtered,switchboard,flm,1.6500230225862842,1.6446401519876062,1.6473315872869452,0.0038062643025749297,823158
100m,overlap_filtered,switchboard,gru,1.5462975065019395,1.5468045452559473,1.5465510258789434,0.00035853054128330434,823158
100m,overlap_filtered,switchboard,transformer,1.5295106875605498,1.5349481999637578,1.5322294437621538,0.0038449018930943376,823158
