type,side,minimum_contacts_per_edge,kenyon_cells,with_alpn_input,with_mbon_output,with_both,without_either
KC,L,1,1,1,0,0,0
KC,L,5,1,1,0,0,0
KC,R,1,1,1,1,1,0
KC,R,5,1,1,0,0,0
KCa'b'-ap1,L,1,97,97,97,97,0
KCa'b'-ap1,L,5,97,97,97,97,0
KCa'b'-ap1,R,1,102,101,102,101,0
KCa'b'-ap1,R,5,102,101,102,101,0
KCa'b'-ap2,L,1,133,133,133,133,0
KCa'b'-ap2,L,5,133,133,133,133,0
KCa'b'-ap2,R,1,158,158,158,158,0
KCa'b'-ap2,R,5,158,158,158,158,0
KCa'b'-m,L,1,110,110,110,110,0
KCa'b'-m,L,5,110,110,110,110,0
KCa'b'-m,R,1,95,95,95,95,0
KCa'b'-m,R,5,95,95,95,95,0
KCab-c,L,1,277,276,277,276,0
KCab-c,L,5,277,276,255,254,0
KCab-c,R,1,211,211,211,211,0
KCab-c,R,5,211,211,204,204,0
KCab-m,L,1,310,309,310,309,0
KCab-m,L,5,310,309,309,308,0
KCab-m,R,1,226,226,226,226,0
KCab-m,R,5,226,226,216,216,0
KCab-p,L,1,64,33,64,33,0
KCab-p,L,5,64,19,64,19,0
KCab-p,R,1,65,26,65,26,0
KCab-p,R,5,65,15,65,15,0
KCab-s,L,1,234,234,234,234,0
KCab-s,L,5,234,234,234,234,0
KCab-s,R,1,423,423,423,423,0
KCab-s,R,5,423,422,423,422,0
KCg,L,1,1,1,1,1,0
KCg,L,5,1,0,1,0,0
KCg-d,L,1,99,14,99,14,0
KCg-d,L,5,99,8,99,8,0
KCg-d,R,1,107,19,107,19,0
KCg-d,R,5,107,10,107,10,0
KCg-m,L,1,689,683,689,683,0
KCg-m,L,5,689,683,689,683,0
KCg-m,R,1,653,653,653,653,0
KCg-m,R,5,653,653,653,653,0
KCg-s1,L,1,1,1,1,1,0
KCg-s1,L,5,1,0,1,0,0
KCg-s1,R,1,1,1,1,1,0
KCg-s1,R,5,1,0,1,0,0
KCg-s2,L,1,1,1,1,1,0
KCg-s2,L,5,1,1,1,1,0
KCg-s2,R,1,1,1,1,1,0
KCg-s2,R,5,1,1,1,1,0
KCg-s3,L,1,1,1,1,1,0
KCg-s3,L,5,1,1,1,1,0
KCg-s3,R,1,1,1,1,1,0
KCg-s3,R,5,1,1,1,1,0
KCg-s4,L,1,1,1,1,1,0
KCg-s4,L,5,1,1,1,1,0
KCg-s4,R,1,1,1,1,1,0
KCg-s4,R,5,1,1,1,1,0
