method,training_seed,step,delay_frames,current_mapping,original_accuracy,current_accuracy,current_cross_entropy
bptt,17,0,4,original,0.5,0.5,0.7000776685308665
bptt,29,0,4,original,0.4375,0.4375,0.7085054639028385
bptt,41,0,4,original,0.78515625,0.78515625,0.6292262107599527
bptt,17,0,8,original,0.5,0.5,0.7000291859731078
bptt,29,0,8,original,0.46484375,0.46484375,0.691026754793711
bptt,41,0,8,original,0.81640625,0.81640625,0.6269124664831907
bptt,17,0,12,original,0.5,0.5,0.6962866393150762
bptt,29,0,12,original,0.5234375,0.5234375,0.6825842019170523
bptt,41,0,12,original,0.83984375,0.83984375,0.6266724887536839
bptt,17,0,24,original,0.5,0.5,0.6910225810715929
bptt,29,0,24,original,0.46875,0.46875,0.6805272777564824
bptt,41,0,24,original,0.8828125,0.8828125,0.6187687464989722
bptt,17,0,48,original,0.5,0.5,0.6811505542136729
bptt,29,0,48,original,0.48828125,0.48828125,0.6679650895530358
bptt,41,0,48,original,0.78515625,0.78515625,0.6243915007216856
bptt,17,100,4,original,1.0,1.0,0.0037046350134914974
bptt,29,100,4,original,1.0,1.0,0.003509729984216392
bptt,41,100,4,original,1.0,1.0,0.0036771506756849703
bptt,17,100,8,original,1.0,1.0,0.0035182629408154753
bptt,29,100,8,original,1.0,1.0,0.0031438939386134734
bptt,41,100,8,original,1.0,1.0,0.003430740875955962
bptt,17,100,12,original,1.0,1.0,0.0035166406341886614
bptt,29,100,12,original,1.0,1.0,0.003087750777012843
bptt,41,100,12,original,1.0,1.0,0.003385252681255224
bptt,17,100,24,original,1.0,1.0,0.003805556899351359
bptt,29,100,24,original,1.0,1.0,0.003315395022582379
bptt,41,100,24,original,1.0,1.0,0.0035453589352982817
bptt,17,100,48,original,1.0,1.0,0.005187616592593258
bptt,29,100,48,original,1.0,1.0,0.004478536456190341
bptt,41,100,48,original,1.0,1.0,0.0047855828397587175
bptt,17,200,4,original,1.0,1.0,0.0015054062632771092
bptt,29,200,4,original,1.0,1.0,0.0015484842715522973
bptt,41,200,4,original,1.0,1.0,0.001541175633064995
bptt,17,200,8,original,1.0,1.0,0.0014139566292215022
bptt,29,200,8,original,1.0,1.0,0.0013810472332806967
bptt,41,200,8,original,1.0,1.0,0.0014319437245831068
bptt,17,200,12,original,1.0,1.0,0.0014159806273710274
bptt,29,200,12,original,1.0,1.0,0.0013583675272457185
bptt,41,200,12,original,1.0,1.0,0.0014177181583363563
bptt,17,200,24,original,1.0,1.0,0.0015572452666674508
bptt,29,200,24,original,1.0,1.0,0.0014712520983266586
bptt,41,200,24,original,1.0,1.0,0.0015035853116387443
bptt,17,200,48,original,1.0,1.0,0.0022807805971751804
bptt,29,200,48,original,1.0,1.0,0.0021107613806634618
bptt,41,200,48,original,1.0,1.0,0.002157357534088078
bptt,17,300,4,original,1.0,1.0,0.000942495927120035
bptt,29,300,4,original,1.0,1.0,0.0009930597807397135
bptt,41,300,4,original,1.0,1.0,0.0009723682717321935
bptt,17,300,8,original,1.0,1.0,0.0008776285835665476
bptt,29,300,8,original,1.0,1.0,0.0008815189555662073
bptt,41,300,8,original,1.0,1.0,0.000900646657555626
bptt,17,300,12,original,1.0,1.0,0.0008785353284110897
bptt,29,300,12,original,1.0,1.0,0.0008662860936965444
bptt,41,300,12,original,1.0,1.0,0.0008920540624330897
bptt,17,300,24,original,1.0,1.0,0.0009738092110183061
bptt,29,300,24,original,1.0,1.0,0.0009402882442373084
bptt,41,300,24,original,1.0,1.0,0.0009513054123999609
bptt,17,300,48,original,1.0,1.0,0.0014847821998955624
bptt,29,300,48,original,1.0,1.0,0.0013883052574783505
bptt,41,300,48,original,1.0,1.0,0.0014167507197271334
bptt,17,400,4,reversed,0.5,0.5,0.6860053308773786
bptt,29,400,4,reversed,0.0,1.0,0.006612987815969973
bptt,41,400,4,reversed,0.0,1.0,0.006062078431568807
bptt,17,400,8,reversed,0.5,0.5,0.6850861113052815
bptt,29,400,8,reversed,0.0,1.0,0.005529003699848545
bptt,41,400,8,reversed,0.0,1.0,0.005195739075134043
bptt,17,400,12,reversed,0.5,0.5,0.6854910820256919
bptt,29,400,12,reversed,0.0,1.0,0.005444994687422877
bptt,41,400,12,reversed,0.0,1.0,0.004824898505830788
bptt,17,400,24,reversed,0.5,0.5,0.6959961098618805
bptt,29,400,24,reversed,0.0390625,0.9609375,0.10594872961883084
bptt,41,400,24,reversed,0.0,1.0,0.004839400355194812
bptt,17,400,48,reversed,0.5,0.5,0.7114050386007875
bptt,29,400,48,reversed,0.4375,0.5625,1.1091345997738244
bptt,41,400,48,reversed,0.0,1.0,0.0057556306092010345
bptt,17,500,4,reversed,0.0,1.0,0.0049197127409570385
bptt,29,500,4,reversed,0.0,1.0,0.002080353431210824
bptt,41,500,4,reversed,0.0,1.0,0.002011620989833318
bptt,17,500,8,reversed,0.0,1.0,0.004238175771206443
bptt,29,500,8,reversed,0.0,1.0,0.001735236538479512
bptt,41,500,8,reversed,0.0,1.0,0.0017175748353110976
bptt,17,500,12,reversed,0.0,1.0,0.004074126832165348
bptt,29,500,12,reversed,0.0,1.0,0.0016476645359944087
bptt,41,500,12,reversed,0.0,1.0,0.0016042809475038666
bptt,17,500,24,reversed,0.4140625,0.5859375,0.5184757948045444
bptt,29,500,24,reversed,0.0,1.0,0.0028534351567941485
bptt,41,500,24,reversed,0.0,1.0,0.00163805583906651
bptt,17,500,48,reversed,0.5,0.5,2.4100234163470304
bptt,29,500,48,reversed,0.0,1.0,0.007633799754330539
bptt,41,500,48,reversed,0.0,1.0,0.0019586097164392413
bptt,17,600,4,reversed,0.0,1.0,0.0018743765067483764
bptt,29,600,4,reversed,0.0,1.0,0.0012378105820971541
bptt,41,600,4,reversed,0.0,1.0,0.0012009284196210501
bptt,17,600,8,reversed,0.0,1.0,0.0016115152507154562
bptt,29,600,8,reversed,0.0,1.0,0.0010284061650054355
bptt,41,600,8,reversed,0.0,1.0,0.0010232582567368809
bptt,17,600,12,reversed,0.0,1.0,0.001525555975149473
bptt,29,600,12,reversed,0.0,1.0,0.0009655659700911201
bptt,41,600,12,reversed,0.0,1.0,0.0009577413684382918
bptt,17,600,24,reversed,0.0,1.0,0.0227101417490303
bptt,29,600,24,reversed,0.0,1.0,0.0012305522366204968
bptt,41,600,24,reversed,0.0,1.0,0.0009855388675532595
bptt,17,600,48,reversed,0.5,0.5,2.7328465133577993
bptt,29,600,48,reversed,0.0,1.0,0.002196935196479899
bptt,41,600,48,reversed,0.0,1.0,0.0011876683583977865
bptt,17,700,4,original,1.0,1.0,0.0036051687065992155
bptt,29,700,4,original,1.0,1.0,0.004413176586240297
bptt,41,700,4,original,1.0,1.0,0.016585471144935582
bptt,17,700,8,original,1.0,1.0,0.003541173824487487
bptt,29,700,8,original,1.0,1.0,0.0041042648217626265
bptt,41,700,8,original,1.0,1.0,0.016242448622506345
bptt,17,700,12,original,1.0,1.0,0.00358131574557774
bptt,29,700,12,original,1.0,1.0,0.004081406609657279
bptt,41,700,12,original,1.0,1.0,0.016999854204186704
bptt,17,700,24,original,1.0,1.0,0.004255342118995031
bptt,29,700,24,original,1.0,1.0,0.004743809366118512
bptt,41,700,24,original,1.0,1.0,0.02052235031442251
bptt,17,700,48,original,1.0,1.0,0.009661635684096836
bptt,29,700,48,original,1.0,1.0,0.007112864499504212
bptt,41,700,48,original,1.0,1.0,0.030548833798093256
bptt,17,800,4,original,1.0,1.0,0.0014539707849507977
bptt,29,800,4,original,1.0,1.0,0.001716630989449186
bptt,41,800,4,original,1.0,1.0,0.0021468925415319973
bptt,17,800,8,original,1.0,1.0,0.001420214695372124
bptt,29,800,8,original,1.0,1.0,0.0015800012806721497
bptt,41,800,8,original,1.0,1.0,0.001959638641892525
bptt,17,800,12,original,1.0,1.0,0.0014374024744938652
bptt,29,800,12,original,1.0,1.0,0.0015677050282647542
bptt,41,800,12,original,1.0,1.0,0.0020282092464185553
bptt,17,800,24,original,1.0,1.0,0.001758273959694634
bptt,29,800,24,original,1.0,1.0,0.0018350639816162584
bptt,41,800,24,original,1.0,1.0,0.002609457070775534
bptt,17,800,48,original,1.0,1.0,0.004495638459047768
bptt,29,800,48,original,1.0,1.0,0.0029432283217829536
bptt,41,800,48,original,1.0,1.0,0.0045976873825566145
bptt,17,900,4,original,1.0,1.0,0.0009059623571374686
bptt,29,900,4,original,1.0,1.0,0.0010552582446052838
bptt,41,900,4,original,1.0,1.0,0.0011732589878192812
bptt,17,900,8,original,1.0,1.0,0.0008825611016618495
bptt,29,900,8,original,1.0,1.0,0.0009690150898222782
bptt,41,900,8,original,1.0,1.0,0.0010262223574954987
bptt,17,900,12,original,1.0,1.0,0.0008937795525980619
bptt,29,900,12,original,1.0,1.0,0.0009633836609737045
bptt,41,900,12,original,1.0,1.0,0.0010494280863895256
bptt,17,900,24,original,1.0,1.0,0.001110569516185933
bptt,29,900,24,original,1.0,1.0,0.0011350804920766677
bptt,41,900,24,original,1.0,1.0,0.0013689717579836724
bptt,17,900,48,original,1.0,1.0,0.003019932602001063
bptt,29,900,48,original,1.0,1.0,0.0018960200823130435
bptt,41,900,48,original,1.0,1.0,0.0025719843320075597
reservoir,17,0,4,original,0.5,0.5,0.7000776685308665
reservoir,29,0,4,original,0.4375,0.4375,0.7085054639028385
reservoir,41,0,4,original,0.78515625,0.78515625,0.6292262107599527
reservoir,17,0,8,original,0.5,0.5,0.7000291859731078
reservoir,29,0,8,original,0.46484375,0.46484375,0.691026754793711
reservoir,41,0,8,original,0.81640625,0.81640625,0.6269124664831907
reservoir,17,0,12,original,0.5,0.5,0.6962866393150762
reservoir,29,0,12,original,0.5234375,0.5234375,0.6825842019170523
reservoir,41,0,12,original,0.83984375,0.83984375,0.6266724887536839
reservoir,17,0,24,original,0.5,0.5,0.6910225810715929
reservoir,29,0,24,original,0.46875,0.46875,0.6805272777564824
reservoir,41,0,24,original,0.8828125,0.8828125,0.6187687464989722
reservoir,17,0,48,original,0.5,0.5,0.6811505542136729
reservoir,29,0,48,original,0.48828125,0.48828125,0.6679650895530358
reservoir,41,0,48,original,0.78515625,0.78515625,0.6243915007216856
reservoir,17,100,4,original,1.0,1.0,0.08412698328902479
reservoir,29,100,4,original,1.0,1.0,0.08458492013778596
reservoir,41,100,4,original,1.0,1.0,0.03263478989401847
reservoir,17,100,8,original,1.0,1.0,0.06626669381512329
reservoir,29,100,8,original,0.99609375,0.99609375,0.06934878880383621
reservoir,41,100,8,original,1.0,1.0,0.04002937680706964
reservoir,17,100,12,original,1.0,1.0,0.052179225376676186
reservoir,29,100,12,original,0.97265625,0.97265625,0.08438734394064795
reservoir,41,100,12,original,0.9921875,0.9921875,0.057731419925062255
reservoir,17,100,24,original,1.0,1.0,0.021972626109572957
reservoir,29,100,24,original,0.92578125,0.92578125,0.14946458432147836
reservoir,41,100,24,original,0.93359375,0.93359375,0.1684121812891135
reservoir,17,100,48,original,1.0,1.0,0.003138015568765695
reservoir,29,100,48,original,0.828125,0.828125,0.5085405557674711
reservoir,41,100,48,original,0.73046875,0.73046875,0.9220964267848899
reservoir,17,200,4,original,1.0,1.0,0.03913508245750563
reservoir,29,200,4,original,1.0,1.0,0.049653884756025946
reservoir,41,200,4,original,1.0,1.0,0.015754442724983164
reservoir,17,200,8,original,1.0,1.0,0.02853613600927929
reservoir,29,200,8,original,0.99609375,0.99609375,0.03275778087299841
reservoir,41,200,8,original,1.0,1.0,0.0202049293050095
reservoir,17,200,12,original,1.0,1.0,0.021275533560356052
reservoir,29,200,12,original,0.9921875,0.9921875,0.04282577125174214
reservoir,41,200,12,original,0.99609375,0.99609375,0.03359915797753388
reservoir,17,200,24,original,1.0,1.0,0.008212467099369292
reservoir,29,200,24,original,0.96484375,0.96484375,0.10094993335139701
reservoir,41,200,24,original,0.93359375,0.93359375,0.1455454558543181
reservoir,17,200,48,original,1.0,1.0,0.0008542091542267372
reservoir,29,200,48,original,0.84375,0.84375,0.5381087397325425
reservoir,41,200,48,original,0.73046875,0.73046875,1.0500158419063368
reservoir,17,300,4,original,1.0,1.0,0.0254838584078243
reservoir,29,300,4,original,1.0,1.0,0.0314787201094191
reservoir,41,300,4,original,1.0,1.0,0.009556243874044412
reservoir,17,300,8,original,1.0,1.0,0.017133268279394542
reservoir,29,300,8,original,1.0,1.0,0.020477450142522002
reservoir,41,300,8,original,1.0,1.0,0.01352288738559082
reservoir,17,300,12,original,1.0,1.0,0.012184804778712532
reservoir,29,300,12,original,0.9921875,0.9921875,0.03311325852034308
reservoir,41,300,12,original,0.99609375,0.99609375,0.025356752644128733
reservoir,17,300,24,original,1.0,1.0,0.00448529115319829
reservoir,29,300,24,original,0.96484375,0.96484375,0.09250761858493228
reservoir,41,300,24,original,0.93359375,0.93359375,0.14212804821417535
reservoir,17,300,48,original,1.0,1.0,0.0004085626005094767
reservoir,29,300,48,original,0.84375,0.84375,0.587512892192968
reservoir,41,300,48,original,0.7265625,0.7265625,1.1472016198091737
reservoir,17,400,4,reversed,0.0234375,0.9765625,0.2652690963295754
reservoir,29,400,4,reversed,0.05078125,0.94921875,0.22781651959667215
reservoir,41,400,4,reversed,0.0,1.0,0.06288336699708452
reservoir,17,400,8,reversed,0.01171875,0.98828125,0.22692288215330336
reservoir,29,400,8,reversed,0.03515625,0.96484375,0.19955676713107096
reservoir,41,400,8,reversed,0.01171875,0.98828125,0.07637025231770167
reservoir,17,400,12,reversed,0.0,1.0,0.18730024698743364
reservoir,29,400,12,reversed,0.05859375,0.94140625,0.20777646418900986
reservoir,41,400,12,reversed,0.0390625,0.9609375,0.10585274697928071
reservoir,17,400,24,reversed,0.0,1.0,0.08642884227083414
reservoir,29,400,24,reversed,0.16015625,0.83984375,0.2740862109956197
reservoir,41,400,24,reversed,0.109375,0.890625,0.22758893143191017
reservoir,17,400,48,reversed,0.0,1.0,0.014327310388580372
reservoir,29,400,48,reversed,0.2109375,0.7890625,0.5493587253986902
reservoir,41,400,48,reversed,0.265625,0.734375,0.8668659161056098
reservoir,17,500,4,reversed,0.0,1.0,0.06713110407872591
reservoir,29,500,4,reversed,0.0078125,0.9921875,0.08448900712085106
reservoir,41,500,4,reversed,0.0,1.0,0.021483748191030827
reservoir,17,500,8,reversed,0.0,1.0,0.048313446572137764
reservoir,29,500,8,reversed,0.00390625,0.99609375,0.0605945874004874
reservoir,41,500,8,reversed,0.0,1.0,0.029973692872545143
reservoir,17,500,12,reversed,0.0,1.0,0.036431998927582754
reservoir,29,500,12,reversed,0.0390625,0.9609375,0.07962820404388182
reservoir,41,500,12,reversed,0.0078125,0.9921875,0.053151000278816696
reservoir,17,500,24,reversed,0.0,1.0,0.01275673066564309
reservoir,29,500,24,reversed,0.07421875,0.92578125,0.16830343550351579
reservoir,41,500,24,reversed,0.07421875,0.92578125,0.1912945126269392
reservoir,17,500,48,reversed,0.0,1.0,0.001150852064952801
reservoir,29,500,48,reversed,0.17578125,0.82421875,0.6267872181880416
reservoir,41,500,48,reversed,0.26171875,0.73828125,1.0671706921265525
reservoir,17,600,4,reversed,0.0,1.0,0.036761747804121114
reservoir,29,600,4,reversed,0.00390625,0.99609375,0.06258576652518855
reservoir,41,600,4,reversed,0.0,1.0,0.012405942828536354
reservoir,17,600,8,reversed,0.0,1.0,0.02430147598261101
reservoir,29,600,8,reversed,0.00390625,0.99609375,0.03403645615556172
reservoir,41,600,8,reversed,0.0,1.0,0.019156892722406837
reservoir,17,600,12,reversed,0.0,1.0,0.01747337189931386
reservoir,29,600,12,reversed,0.015625,0.984375,0.04124552497140099
reservoir,41,600,12,reversed,0.0078125,0.9921875,0.03863483980963878
reservoir,17,600,24,reversed,0.0,1.0,0.0058074702251253996
reservoir,29,600,24,reversed,0.04296875,0.95703125,0.10476605067049305
reservoir,41,600,24,reversed,0.06640625,0.93359375,0.18174159906818943
reservoir,17,600,48,reversed,0.0,1.0,0.00044239399839085536
reservoir,29,600,48,reversed,0.15625,0.84375,0.5967969282704204
reservoir,41,600,48,reversed,0.265625,0.734375,1.1729622786260911
reservoir,17,700,4,original,1.0,1.0,0.1855565455625765
reservoir,29,700,4,original,0.96875,0.96875,0.18696277754315815
reservoir,41,700,4,original,1.0,1.0,0.06051928916895122
reservoir,17,700,8,original,1.0,1.0,0.18189884792082012
reservoir,29,700,8,original,0.9921875,0.9921875,0.16406582863146468
reservoir,41,700,8,original,1.0,1.0,0.06569708143433672
reservoir,17,700,12,original,1.0,1.0,0.1673134362208657
reservoir,29,700,12,original,0.9609375,0.9609375,0.15727510101760345
reservoir,41,700,12,original,0.9921875,0.9921875,0.08128301483384348
reservoir,17,700,24,original,1.0,1.0,0.10544023767943145
reservoir,29,700,24,original,0.921875,0.921875,0.1848504856452564
reservoir,41,700,24,original,0.93359375,0.93359375,0.16718828020384535
reservoir,17,700,48,original,1.0,1.0,0.03504038373284857
reservoir,29,700,48,original,0.82421875,0.82421875,0.4030402135277882
reservoir,41,700,48,original,0.73828125,0.73828125,0.7492151789174386
reservoir,17,800,4,original,1.0,1.0,0.057047080794291105
reservoir,29,800,4,original,1.0,1.0,0.06497727101009332
reservoir,41,800,4,original,1.0,1.0,0.019494326576250387
reservoir,17,800,8,original,1.0,1.0,0.04658242155710468
reservoir,29,800,8,original,0.99609375,0.99609375,0.0529717310499791
reservoir,41,800,8,original,1.0,1.0,0.026398823743875255
reservoir,17,800,12,original,1.0,1.0,0.03784139512026741
reservoir,29,800,12,original,0.97265625,0.97265625,0.0729606281410895
reservoir,41,800,12,original,0.9921875,0.9921875,0.04341291598407793
reservoir,17,800,24,original,1.0,1.0,0.016247609783818007
reservoir,29,800,24,original,0.92578125,0.92578125,0.152088823920705
reservoir,41,800,24,original,0.93359375,0.93359375,0.16007636756461352
reservoir,17,800,48,original,1.0,1.0,0.002204745803339847
reservoir,29,800,48,original,0.828125,0.828125,0.5808301754048193
reservoir,41,800,48,original,0.73046875,0.73046875,0.9999254270553593
reservoir,17,900,4,original,1.0,1.0,0.0319069458564627
reservoir,29,900,4,original,1.0,1.0,0.05362954746476589
reservoir,41,900,4,original,1.0,1.0,0.011954401031914585
reservoir,17,900,8,original,1.0,1.0,0.024235125721133954
reservoir,29,900,8,original,1.0,1.0,0.03022748960503918
reservoir,41,900,8,original,1.0,1.0,0.016220405370006574
reservoir,17,900,12,original,1.0,1.0,0.018785447045047476
reservoir,29,900,12,original,0.99609375,0.99609375,0.033552253615099836
reservoir,41,900,12,original,0.99609375,0.99609375,0.029326437098660563
reservoir,17,900,24,original,1.0,1.0,0.007531693141636708
reservoir,29,900,24,original,0.96484375,0.96484375,0.0821320554810312
reservoir,41,900,24,original,0.9375,0.9375,0.14376952053274294
reservoir,17,900,48,original,1.0,1.0,0.0007988406464320974
reservoir,29,900,48,original,0.8515625,0.8515625,0.5223786603643719
reservoir,41,900,48,original,0.7421875,0.7421875,1.0869178557158463
eligibility,17,0,4,original,0.5,0.5,0.7000776685308665
eligibility,29,0,4,original,0.4375,0.4375,0.7085054639028385
eligibility,41,0,4,original,0.78515625,0.78515625,0.6292262107599527
eligibility,17,0,8,original,0.5,0.5,0.7000291859731078
eligibility,29,0,8,original,0.46484375,0.46484375,0.691026754793711
eligibility,41,0,8,original,0.81640625,0.81640625,0.6269124664831907
eligibility,17,0,12,original,0.5,0.5,0.6962866393150762
eligibility,29,0,12,original,0.5234375,0.5234375,0.6825842019170523
eligibility,41,0,12,original,0.83984375,0.83984375,0.6266724887536839
eligibility,17,0,24,original,0.5,0.5,0.6910225810715929
eligibility,29,0,24,original,0.46875,0.46875,0.6805272777564824
eligibility,41,0,24,original,0.8828125,0.8828125,0.6187687464989722
eligibility,17,0,48,original,0.5,0.5,0.6811505542136729
eligibility,29,0,48,original,0.48828125,0.48828125,0.6679650895530358
eligibility,41,0,48,original,0.78515625,0.78515625,0.6243915007216856
eligibility,17,100,4,original,1.0,1.0,0.09655624476727098
eligibility,29,100,4,original,1.0,1.0,0.029248218717839336
eligibility,41,100,4,original,1.0,1.0,0.07240105143137043
eligibility,17,100,8,original,1.0,1.0,0.156395546218846
eligibility,29,100,8,original,1.0,1.0,0.09092852105095517
eligibility,41,100,8,original,1.0,1.0,0.07915317007427802
eligibility,17,100,12,original,0.98828125,0.98828125,0.21777766490413342
eligibility,29,100,12,original,0.71875,0.71875,0.4614179477794096
eligibility,41,100,12,original,1.0,1.0,0.06751860934309661
eligibility,17,100,24,original,0.78125,0.78125,0.4062062937300652
eligibility,29,100,24,original,0.5,0.5,1.877939611869806
eligibility,41,100,24,original,1.0,1.0,0.0329815502409474
eligibility,17,100,48,original,0.57421875,0.57421875,0.6051898078876548
eligibility,29,100,48,original,0.5,0.5,2.219782918920828
eligibility,41,100,48,original,1.0,1.0,0.018464445187419187
eligibility,17,200,4,original,1.0,1.0,0.007897348441474605
eligibility,29,200,4,original,1.0,1.0,0.004490706674914691
eligibility,41,200,4,original,1.0,1.0,0.00433688098564744
eligibility,17,200,8,original,1.0,1.0,0.00852548663806374
eligibility,29,200,8,original,1.0,1.0,0.004129569472752337
eligibility,41,200,8,original,1.0,1.0,0.0035059778228969662
eligibility,17,200,12,original,1.0,1.0,0.009694273878267268
eligibility,29,200,12,original,1.0,1.0,0.012770614660439605
eligibility,41,200,12,original,1.0,1.0,0.003194781883394171
eligibility,17,200,24,original,1.0,1.0,0.017674873972282512
eligibility,29,200,24,original,0.5,0.5,1.4846123693700974
eligibility,41,200,24,original,1.0,1.0,0.0039014305907585367
eligibility,17,200,48,original,1.0,1.0,0.037217760720523074
eligibility,29,200,48,original,0.5,0.5,2.9639374002663317
eligibility,41,200,48,original,1.0,1.0,0.00787603011713145
eligibility,17,300,4,original,1.0,1.0,0.002417905664515274
eligibility,29,300,4,original,1.0,1.0,0.0028602484967450437
eligibility,41,300,4,original,1.0,1.0,0.0021642725801029883
eligibility,17,300,8,original,1.0,1.0,0.002303724137618701
eligibility,29,300,8,original,1.0,1.0,0.0013624861212520045
eligibility,41,300,8,original,1.0,1.0,0.0016542744006073917
eligibility,17,300,12,original,1.0,1.0,0.00249402475401439
eligibility,29,300,12,original,1.0,1.0,0.0013093399199988198
eligibility,41,300,12,original,1.0,1.0,0.0015024427466414636
eligibility,17,300,24,original,1.0,1.0,0.004350652933680976
eligibility,29,300,24,original,1.0,1.0,0.012720753842131671
eligibility,41,300,24,original,1.0,1.0,0.0019278952602235222
eligibility,17,300,48,original,1.0,1.0,0.010115318152202235
eligibility,29,300,48,original,0.51171875,0.51171875,0.8089363309591135
eligibility,41,300,48,original,1.0,1.0,0.007411235277686501
eligibility,17,400,4,reversed,0.55078125,0.44921875,0.7329906111117452
eligibility,29,400,4,reversed,0.19921875,0.80078125,0.6668169794138521
eligibility,41,400,4,reversed,0.00390625,0.99609375,0.5961522655561566
eligibility,17,400,8,reversed,0.75390625,0.24609375,0.7153565513435751
eligibility,29,400,8,reversed,0.42578125,0.57421875,0.6853295473847538
eligibility,41,400,8,reversed,0.4765625,0.5234375,0.6497837679926306
eligibility,17,400,12,reversed,0.78125,0.21875,0.7071085616480559
eligibility,29,400,12,reversed,0.5,0.5,0.6907084723934531
eligibility,41,400,12,reversed,0.5,0.5,0.6815049967262894
eligibility,17,400,24,reversed,0.5,0.5,0.7040708842687309
eligibility,29,400,24,reversed,0.5,0.5,0.6945767474826425
eligibility,41,400,24,reversed,0.5,0.5,0.7280839103041217
eligibility,17,400,48,reversed,0.5,0.5,0.7140538459643722
eligibility,29,400,48,reversed,0.5,0.5,0.6956427842378616
eligibility,41,400,48,reversed,0.5,0.5,0.7486588984029368
eligibility,17,500,4,reversed,0.01171875,0.98828125,0.66439133672975
eligibility,29,500,4,reversed,0.01171875,0.98828125,0.0908572004227608
eligibility,41,500,4,reversed,0.0,1.0,0.004306047372665489
eligibility,17,500,8,reversed,0.3203125,0.6796875,0.6790634135250002
eligibility,29,500,8,reversed,0.0,1.0,0.05428824922637432
eligibility,41,500,8,reversed,0.0,1.0,0.004012745317595545
eligibility,17,500,12,reversed,0.49609375,0.50390625,0.6850061141885817
eligibility,29,500,12,reversed,0.0,1.0,0.026726849476290226
eligibility,41,500,12,reversed,0.0,1.0,0.003792898480242002
eligibility,17,500,24,reversed,0.5,0.5,0.6922523130197078
eligibility,29,500,24,reversed,0.0,1.0,0.010733529683420784
eligibility,41,500,24,reversed,0.0,1.0,0.0040990771258293535
eligibility,17,500,48,reversed,0.5,0.5,0.6979359854012728
eligibility,29,500,48,reversed,0.0,1.0,0.007714543966358178
eligibility,41,500,48,reversed,0.0,1.0,0.0031907654729366186
eligibility,17,600,4,reversed,0.0,1.0,0.5317159396363422
eligibility,29,600,4,reversed,0.0,1.0,0.003014240870015783
eligibility,41,600,4,reversed,0.0,1.0,0.0018248800670335186
eligibility,17,600,8,reversed,0.078125,0.921875,0.6055585581343621
eligibility,29,600,8,reversed,0.0,1.0,0.0024541520097045577
eligibility,41,600,8,reversed,0.0,1.0,0.0017399513676537026
eligibility,17,600,12,reversed,0.5,0.5,0.6466478100046515
eligibility,29,600,12,reversed,0.0,1.0,0.00240653954233494
eligibility,41,600,12,reversed,0.0,1.0,0.0018367468010183075
eligibility,17,600,24,reversed,0.5,0.5,0.6970988305984065
eligibility,29,600,24,reversed,0.0,1.0,0.02532498823620699
eligibility,41,600,24,reversed,0.0,1.0,0.0035080300431218348
eligibility,17,600,48,reversed,0.5,0.5,0.7154999043559656
eligibility,29,600,48,reversed,0.21484375,0.78515625,0.7824077368748021
eligibility,41,600,48,reversed,0.015625,0.984375,0.04292777780437973
eligibility,17,700,4,original,0.046875,0.046875,0.7148311194032431
eligibility,29,700,4,original,0.42578125,0.42578125,0.7063271575607359
eligibility,41,700,4,original,0.52734375,0.52734375,0.6880302974022925
eligibility,17,700,8,original,0.08984375,0.08984375,0.7036132672801614
eligibility,29,700,8,original,0.48828125,0.48828125,0.6948598404414952
eligibility,41,700,8,original,0.80859375,0.80859375,0.6885886776726693
eligibility,17,700,12,original,0.18359375,0.18359375,0.6994029011111706
eligibility,29,700,12,original,0.5,0.5,0.694124520290643
eligibility,41,700,12,original,0.94921875,0.94921875,0.6896978167351335
eligibility,17,700,24,original,0.5,0.5,0.6958317321259528
eligibility,29,700,24,original,0.5,0.5,0.7021521639544517
eligibility,41,700,24,original,0.5,0.5,0.6916223547887057
eligibility,17,700,48,original,0.5,0.5,0.6957729796413332
eligibility,29,700,48,original,0.5,0.5,0.7123932666145265
eligibility,41,700,48,original,0.5,0.5,0.6929171292576939
eligibility,17,800,4,original,1.0,1.0,0.6634151712059975
eligibility,29,800,4,original,0.5,0.5,0.672474545892328
eligibility,41,800,4,original,0.828125,0.828125,0.367988719503046
eligibility,17,800,8,original,0.96875,0.96875,0.6756981364451349
eligibility,29,800,8,original,0.828125,0.828125,0.6704406412318349
eligibility,41,800,8,original,1.0,1.0,0.3405099436058663
eligibility,17,800,12,original,0.52734375,0.52734375,0.6817426255438477
eligibility,29,800,12,original,0.5,0.5,0.679015354020521
eligibility,41,800,12,original,1.0,1.0,0.3741119584883563
eligibility,17,800,24,original,0.5,0.5,0.6895273146219552
eligibility,29,800,24,original,0.5,0.5,0.7166008210042492
eligibility,41,800,24,original,0.5,0.5,0.7792501521180384
eligibility,17,800,48,original,0.5,0.5,0.6932954639196396
eligibility,29,800,48,original,0.5,0.5,0.76511262555141
eligibility,41,800,48,original,0.5,0.5,1.1345679227961227
eligibility,17,900,4,original,1.0,1.0,0.39837522513698786
eligibility,29,900,4,original,1.0,1.0,0.014050965575734153
eligibility,41,900,4,original,1.0,1.0,0.00241627247805809
eligibility,17,900,8,original,1.0,1.0,0.49285394500475377
eligibility,29,900,8,original,1.0,1.0,0.009362332808450446
eligibility,41,900,8,original,1.0,1.0,0.0026765520783555985
eligibility,17,900,12,original,0.55859375,0.55859375,0.5626894470769912
eligibility,29,900,12,original,1.0,1.0,0.0067088380637869705
eligibility,41,900,12,original,1.0,1.0,0.002899616128161142
eligibility,17,900,24,original,0.5,0.5,0.6896700131474063
eligibility,29,900,24,original,1.0,1.0,0.0039391221994264924
eligibility,41,900,24,original,1.0,1.0,0.0035222193582740147
eligibility,17,900,48,original,0.5,0.5,0.7304672077298164
eligibility,29,900,48,original,1.0,1.0,0.0036810799665545346
eligibility,41,900,48,original,1.0,1.0,0.0031554537599731702
instantaneous,17,0,4,original,0.5,0.5,0.7000776685308665
instantaneous,29,0,4,original,0.4375,0.4375,0.7085054639028385
instantaneous,41,0,4,original,0.78515625,0.78515625,0.6292262107599527
instantaneous,17,0,8,original,0.5,0.5,0.7000291859731078
instantaneous,29,0,8,original,0.46484375,0.46484375,0.691026754793711
instantaneous,41,0,8,original,0.81640625,0.81640625,0.6269124664831907
instantaneous,17,0,12,original,0.5,0.5,0.6962866393150762
instantaneous,29,0,12,original,0.5234375,0.5234375,0.6825842019170523
instantaneous,41,0,12,original,0.83984375,0.83984375,0.6266724887536839
instantaneous,17,0,24,original,0.5,0.5,0.6910225810715929
instantaneous,29,0,24,original,0.46875,0.46875,0.6805272777564824
instantaneous,41,0,24,original,0.8828125,0.8828125,0.6187687464989722
instantaneous,17,0,48,original,0.5,0.5,0.6811505542136729
instantaneous,29,0,48,original,0.48828125,0.48828125,0.6679650895530358
instantaneous,41,0,48,original,0.78515625,0.78515625,0.6243915007216856
instantaneous,17,100,4,original,1.0,1.0,0.11880053501226939
instantaneous,29,100,4,original,1.0,1.0,0.11451947296154685
instantaneous,41,100,4,original,1.0,1.0,0.09437143326067599
instantaneous,17,100,8,original,0.99609375,0.99609375,0.19587601731473114
instantaneous,29,100,8,original,0.734375,0.734375,0.38906433823285624
instantaneous,41,100,8,original,1.0,1.0,0.10159339335223194
instantaneous,17,100,12,original,0.93359375,0.93359375,0.2629322320281062
instantaneous,29,100,12,original,0.515625,0.515625,0.8110878531297203
instantaneous,41,100,12,original,1.0,1.0,0.08098382844036678
instantaneous,17,100,24,original,0.859375,0.859375,0.42576248722616583
instantaneous,29,100,24,original,0.5,0.5,1.5121916799034807
instantaneous,41,100,24,original,1.0,1.0,0.03269161525531672
instantaneous,17,100,48,original,0.7734375,0.7734375,0.5777003010734916
instantaneous,29,100,48,original,0.5,0.5,1.7539157492356026
instantaneous,41,100,48,original,1.0,1.0,0.017440964587876806
instantaneous,17,200,4,original,1.0,1.0,0.05904000444752455
instantaneous,29,200,4,original,0.9765625,0.9765625,0.13903278768702876
instantaneous,41,200,4,original,1.0,1.0,0.052401787041162606
instantaneous,17,200,8,original,0.99609375,0.99609375,0.12047665067620983
instantaneous,29,200,8,original,0.99609375,0.99609375,0.07904315231280634
instantaneous,41,200,8,original,0.99609375,0.99609375,0.06959274099608592
instantaneous,17,200,12,original,0.9765625,0.9765625,0.17373417759699805
instantaneous,29,200,12,original,1.0,1.0,0.05016091081415652
instantaneous,41,200,12,original,0.99609375,0.99609375,0.05907804832713737
instantaneous,17,200,24,original,0.8984375,0.8984375,0.31508859297900926
instantaneous,29,200,24,original,1.0,1.0,0.042546440276055364
instantaneous,41,200,24,original,1.0,1.0,0.01508997804376122
instantaneous,17,200,48,original,0.90234375,0.90234375,0.4794681408384349
instantaneous,29,200,48,original,0.97265625,0.97265625,0.07110169850602688
instantaneous,41,200,48,original,1.0,1.0,0.00534717041591648
instantaneous,17,300,4,original,1.0,1.0,0.028892409426589438
instantaneous,29,300,4,original,0.8359375,0.8359375,0.31001044346703566
instantaneous,41,300,4,original,0.99609375,0.99609375,0.06875750130348024
instantaneous,17,300,8,original,1.0,1.0,0.0675002177240458
instantaneous,29,300,8,original,0.87890625,0.87890625,0.26618791267719644
instantaneous,41,300,8,original,0.9453125,0.9453125,0.13745654172362265
instantaneous,17,300,12,original,0.9921875,0.9921875,0.10984884758454427
instantaneous,29,300,12,original,0.94140625,0.94140625,0.18941192869533552
instantaneous,41,300,12,original,0.90625,0.90625,0.16098741781570425
instantaneous,17,300,24,original,0.96484375,0.96484375,0.24258393039053772
instantaneous,29,300,24,original,1.0,1.0,0.027122042474729824
instantaneous,41,300,24,original,0.98828125,0.98828125,0.061938973268752306
instantaneous,17,300,48,original,0.93359375,0.93359375,0.4624957570922561
instantaneous,29,300,48,original,1.0,1.0,0.008365663336007856
instantaneous,41,300,48,original,1.0,1.0,0.00207390697869414
instantaneous,17,400,4,reversed,0.7265625,0.2734375,0.757794972974807
instantaneous,29,400,4,reversed,0.671875,0.328125,0.7063498012721539
instantaneous,41,400,4,reversed,0.66015625,0.33984375,0.6983110962901264
instantaneous,17,400,8,reversed,0.90234375,0.09765625,0.7302683419547975
instantaneous,29,400,8,reversed,0.69921875,0.30078125,0.7042671353556216
instantaneous,41,400,8,reversed,0.5625,0.4375,0.6994794989004731
instantaneous,17,400,12,reversed,0.87890625,0.12109375,0.7175186655949801
instantaneous,29,400,12,reversed,0.5625,0.4375,0.7018299591727555
instantaneous,41,400,12,reversed,0.51953125,0.48046875,0.6989571081940085
instantaneous,17,400,24,reversed,0.5,0.5,0.7107981750741601
instantaneous,29,400,24,reversed,0.5,0.5,0.7004235356580466
instantaneous,41,400,24,reversed,0.84765625,0.15234375,0.6970474214758724
instantaneous,17,400,48,reversed,0.5,0.5,0.7217787463450804
instantaneous,29,400,48,reversed,0.5,0.5,0.7052996600978076
instantaneous,41,400,48,reversed,0.5,0.5,0.6955519134644419
instantaneous,17,500,4,reversed,0.2421875,0.7578125,0.6790550698060542
instantaneous,29,500,4,reversed,0.23828125,0.76171875,0.6528699001064524
instantaneous,41,500,4,reversed,0.5,0.5,0.5739634854253381
instantaneous,17,500,8,reversed,0.33984375,0.66015625,0.6865060965064913
instantaneous,29,500,8,reversed,0.3984375,0.6015625,0.6824448995757848
instantaneous,41,500,8,reversed,0.0859375,0.9140625,0.625443450640887
instantaneous,17,500,12,reversed,0.421875,0.578125,0.6894545266404748
instantaneous,29,500,12,reversed,0.49609375,0.50390625,0.6908554453402758
instantaneous,41,500,12,reversed,0.4921875,0.5078125,0.6626103213056922
instantaneous,17,500,24,reversed,0.4921875,0.5078125,0.6924986205995083
instantaneous,29,500,24,reversed,0.5,0.5,0.6964105456136167
instantaneous,41,500,24,reversed,0.5,0.5,0.7162237786687911
instantaneous,17,500,48,reversed,0.5,0.5,0.6928436879534274
instantaneous,29,500,48,reversed,0.5,0.5,0.695539643522352
instantaneous,41,500,48,reversed,0.5,0.5,0.7228990364819765
instantaneous,17,600,4,reversed,0.01171875,0.98828125,0.6054747013840824
instantaneous,29,600,4,reversed,0.09765625,0.90234375,0.46023862244328484
instantaneous,41,600,4,reversed,0.0,1.0,0.014000863542605657
instantaneous,17,600,8,reversed,0.015625,0.984375,0.6424190318211913
instantaneous,29,600,8,reversed,0.2890625,0.7109375,0.5725647406070493
instantaneous,41,600,8,reversed,0.0,1.0,0.02123010901232192
instantaneous,17,600,12,reversed,0.17578125,0.82421875,0.6604600118007511
instantaneous,29,600,12,reversed,0.5,0.5,0.6837700128671713
instantaneous,41,600,12,reversed,0.0,1.0,0.017001243206323124
instantaneous,17,600,24,reversed,0.5,0.5,0.6855667179916054
instantaneous,29,600,24,reversed,0.5,0.5,0.9296493108267896
instantaneous,41,600,24,reversed,0.0,1.0,0.007860010375225102
instantaneous,17,600,48,reversed,0.5,0.5,0.6930880991276354
instantaneous,29,600,48,reversed,0.5,0.5,1.001598103728611
instantaneous,41,600,48,reversed,0.0,1.0,0.005839869800183806
instantaneous,17,700,4,original,0.34765625,0.34765625,0.6997279624920338
instantaneous,29,700,4,original,0.2578125,0.2578125,0.7171305238734931
instantaneous,41,700,4,original,0.5,0.5,0.7174632935784757
instantaneous,17,700,8,original,0.4375,0.4375,0.6956950824242085
instantaneous,29,700,8,original,0.421875,0.421875,0.6984044490382075
instantaneous,41,700,8,original,0.5,0.5,0.6968274384271353
instantaneous,17,700,12,original,0.4921875,0.4921875,0.6944422796368599
instantaneous,29,700,12,original,0.4921875,0.4921875,0.6945025145541877
instantaneous,41,700,12,original,0.6875,0.6875,0.691360134165734
instantaneous,17,700,24,original,0.5,0.5,0.6940618951339275
instantaneous,29,700,24,original,0.5,0.5,0.6976936527062207
instantaneous,41,700,24,original,0.5,0.5,0.6918413231614977
instantaneous,17,700,48,original,0.5,0.5,0.6975972030777484
instantaneous,29,700,48,original,0.5,0.5,0.7118156314827502
instantaneous,41,700,48,original,0.5,0.5,0.6991372576449066
instantaneous,17,800,4,original,1.0,1.0,0.6344459969550371
instantaneous,29,800,4,original,0.5,0.5,0.6875679108779877
instantaneous,41,800,4,original,1.0,1.0,0.650086562614888
instantaneous,17,800,8,original,0.96484375,0.96484375,0.6577318052295595
instantaneous,29,800,8,original,0.69921875,0.69921875,0.6858581134583801
instantaneous,41,800,8,original,0.5,0.5,0.6735294184181839
instantaneous,17,800,12,original,0.5,0.5,0.6704732023645192
instantaneous,29,800,12,original,0.5,0.5,0.687269166810438
instantaneous,41,800,12,original,0.5,0.5,0.6874116195831448
instantaneous,17,800,24,original,0.5,0.5,0.6926238904707134
instantaneous,29,800,24,original,0.5,0.5,0.7015782999806106
instantaneous,41,800,24,original,0.5,0.5,0.7175711310701445
instantaneous,17,800,48,original,0.5,0.5,0.7118560040835291
instantaneous,29,800,48,original,0.5,0.5,0.7382271878886968
instantaneous,41,800,48,original,0.5,0.5,0.7467676304513589
instantaneous,17,900,4,original,1.0,1.0,0.36059505108278245
instantaneous,29,900,4,original,0.5,0.5,0.6573957635555416
instantaneous,41,900,4,original,0.5,0.5,0.5697617384139448
instantaneous,17,900,8,original,1.0,1.0,0.4702892090426758
instantaneous,29,900,8,original,0.65234375,0.65234375,0.6725345146842301
instantaneous,41,900,8,original,0.99609375,0.99609375,0.5966104750987142
instantaneous,17,900,12,original,1.0,1.0,0.531290052109398
instantaneous,29,900,12,original,0.5,0.5,0.6794989875052124
instantaneous,41,900,12,original,0.5,0.5,0.6416108380071819
instantaneous,17,900,24,original,0.99609375,0.99609375,0.622846816200763
instantaneous,29,900,24,original,0.5,0.5,0.705661927931942
instantaneous,41,900,24,original,0.5,0.5,0.7610078261932358
instantaneous,17,900,48,original,0.5,0.5,0.6925760853337124
instantaneous,29,900,48,original,0.5,0.5,0.7701054225908592
instantaneous,41,900,48,original,0.5,0.5,0.8559582039015368
reward,17,0,4,original,0.5,0.5,0.7000776685308665
reward,29,0,4,original,0.4375,0.4375,0.7085054639028385
reward,41,0,4,original,0.78515625,0.78515625,0.6292262107599527
reward,17,0,8,original,0.5,0.5,0.7000291859731078
reward,29,0,8,original,0.46484375,0.46484375,0.691026754793711
reward,41,0,8,original,0.81640625,0.81640625,0.6269124664831907
reward,17,0,12,original,0.5,0.5,0.6962866393150762
reward,29,0,12,original,0.5234375,0.5234375,0.6825842019170523
reward,41,0,12,original,0.83984375,0.83984375,0.6266724887536839
reward,17,0,24,original,0.5,0.5,0.6910225810715929
reward,29,0,24,original,0.46875,0.46875,0.6805272777564824
reward,41,0,24,original,0.8828125,0.8828125,0.6187687464989722
reward,17,0,48,original,0.5,0.5,0.6811505542136729
reward,29,0,48,original,0.48828125,0.48828125,0.6679650895530358
reward,41,0,48,original,0.78515625,0.78515625,0.6243915007216856
reward,17,100,4,original,1.0,1.0,0.04328277065360453
reward,29,100,4,original,0.9609375,0.9609375,0.1515363128783065
reward,41,100,4,original,1.0,1.0,0.031705792320281034
reward,17,100,8,original,1.0,1.0,0.041558986871677916
reward,29,100,8,original,0.5078125,0.5078125,1.13679309877989
reward,41,100,8,original,0.99609375,0.99609375,0.07643041847040877
reward,17,100,12,original,1.0,1.0,0.04029408198402962
reward,29,100,12,original,0.5,0.5,1.8159964446422237
reward,41,100,12,original,0.82421875,0.82421875,0.3242896018527972
reward,17,100,24,original,1.0,1.0,0.04722303352173185
reward,29,100,24,original,0.5,0.5,2.232556118739012
reward,41,100,24,original,0.5,0.5,1.8626737509548548
reward,17,100,48,original,1.0,1.0,0.06385922351910267
reward,29,100,48,original,0.5,0.5,2.3010928094045084
reward,41,100,48,original,0.5,0.5,2.2911013846605783
reward,17,200,4,original,1.0,1.0,0.014538228386300034
reward,29,200,4,original,1.0,1.0,0.013285796962009044
reward,41,200,4,original,1.0,1.0,0.01895644635987992
reward,17,200,8,original,1.0,1.0,0.013296130955495755
reward,29,200,8,original,1.0,1.0,0.03422526262147585
reward,41,200,8,original,1.0,1.0,0.013125336467965099
reward,17,200,12,original,1.0,1.0,0.012264128055903711
reward,29,200,12,original,0.8828125,0.8828125,0.22784112341105356
reward,41,200,12,original,1.0,1.0,0.008003148301213514
reward,17,200,24,original,1.0,1.0,0.0158369786449839
reward,29,200,24,original,0.5,0.5,1.8627992251986143
reward,41,200,24,original,1.0,1.0,0.004181912127933174
reward,17,200,48,original,1.0,1.0,0.026291126836440526
reward,29,200,48,original,0.5,0.5,2.512296466868065
reward,41,200,48,original,1.0,1.0,0.0032484276125614997
reward,17,300,4,original,1.0,1.0,0.009892505115203676
reward,29,300,4,original,1.0,1.0,0.01483105559964315
reward,41,300,4,original,1.0,1.0,0.005836042212649772
reward,17,300,8,original,1.0,1.0,0.007479355007490085
reward,29,300,8,original,1.0,1.0,0.007154263807024108
reward,41,300,8,original,1.0,1.0,0.005118047442920215
reward,17,300,12,original,1.0,1.0,0.006434155882743653
reward,29,300,12,original,1.0,1.0,0.0058338458784419345
reward,41,300,12,original,1.0,1.0,0.005954796195510426
reward,17,300,24,original,1.0,1.0,0.008478092244331492
reward,29,300,24,original,1.0,1.0,0.010993349516866147
reward,41,300,24,original,0.98828125,0.98828125,0.07525538885329297
reward,17,300,48,original,1.0,1.0,0.01596646595862694
reward,29,300,48,original,1.0,1.0,0.012762512757035438
reward,41,300,48,original,0.5,0.5,2.7815785892962595
reward,17,400,4,reversed,0.5,0.5,3.429882988541067
reward,29,400,4,reversed,0.5,0.5,2.9081748314983997
reward,41,400,4,reversed,0.5,0.5,3.4283091160777985
reward,17,400,8,reversed,0.5,0.5,3.055101046812524
reward,29,400,8,reversed,0.5,0.5,2.957307179152849
reward,41,400,8,reversed,0.5,0.5,3.445375839852659
reward,17,400,12,reversed,0.5,0.5,2.7606766625103774
reward,29,400,12,reversed,0.5,0.5,2.9674599499749093
reward,41,400,12,reversed,0.5,0.5,3.438305760327694
reward,17,400,24,reversed,0.5,0.5,2.2547118757865974
reward,29,400,24,reversed,0.5,0.5,2.945597436522803
reward,41,400,24,reversed,0.5,0.5,3.389081192253798
reward,17,400,48,reversed,0.5,0.5,1.7417846610042034
reward,29,400,48,reversed,0.5,0.5,2.8033982388542427
reward,41,400,48,reversed,0.5,0.5,3.165267426487844
reward,17,500,4,reversed,0.5,0.5,3.7336091491938532
reward,29,500,4,reversed,0.5,0.5,3.350050387043666
reward,41,500,4,reversed,0.5,0.5,3.448419887298769
reward,17,500,8,reversed,0.5,0.5,3.397772571319365
reward,29,500,8,reversed,0.5,0.5,3.3791661211612336
reward,41,500,8,reversed,0.5,0.5,3.465478131886357
reward,17,500,12,reversed,0.5,0.5,3.088843285436269
reward,29,500,12,reversed,0.5,0.5,3.3744215785964116
reward,41,500,12,reversed,0.5,0.5,3.4578625178578477
reward,17,500,24,reversed,0.5,0.5,2.5214463506617903
reward,29,500,24,reversed,0.5,0.5,3.320786829519875
reward,41,500,24,reversed,0.5,0.5,3.4065796471954854
reward,17,500,48,reversed,0.5,0.5,1.9602413250686368
reward,29,500,48,reversed,0.5,0.5,3.1191777033368453
reward,41,500,48,reversed,0.5,0.5,3.1785878588570995
reward,17,600,4,reversed,0.5,0.5,3.789785326058791
reward,29,600,4,reversed,0.5,0.5,3.357665699876634
reward,41,600,4,reversed,0.5,0.5,3.4668320139890056
reward,17,600,8,reversed,0.5,0.5,3.466174068798864
reward,29,600,8,reversed,0.5,0.5,3.385960121811877
reward,41,600,8,reversed,0.5,0.5,3.4838925899475726
reward,17,600,12,reversed,0.5,0.5,3.155697125305778
reward,29,600,12,reversed,0.5,0.5,3.380641900874707
reward,41,600,12,reversed,0.5,0.5,3.475805607848997
reward,17,600,24,reversed,0.5,0.5,2.575787337442307
reward,29,600,24,reversed,0.5,0.5,3.325789105338572
reward,41,600,24,reversed,0.5,0.5,3.4226613728737902
reward,17,600,48,reversed,0.5,0.5,2.0059119167999597
reward,29,600,48,reversed,0.5,0.5,3.1224026670206513
reward,41,600,48,reversed,0.5,0.5,3.190855984104928
reward,17,700,4,original,0.5,0.5,3.7059826997219716
reward,29,700,4,original,0.5,0.5,3.072160209532285
reward,41,700,4,original,0.5,0.5,3.10761811958173
reward,17,700,8,original,0.5,0.5,3.562307133829563
reward,29,700,8,original,0.5,0.5,3.1685891907823134
reward,41,700,8,original,0.5,0.5,3.3492359035515165
reward,17,700,12,original,0.5,0.5,3.3016591564198734
reward,29,700,12,original,0.5,0.5,3.2015416360900417
reward,41,700,12,original,0.5,0.5,3.4114638108835607
reward,17,700,24,original,0.5,0.5,2.707971414030908
reward,29,700,24,original,0.5,0.5,3.191645375770804
reward,41,700,24,original,0.5,0.5,3.4123980773997573
reward,17,700,48,original,0.5,0.5,2.1161293159493653
reward,29,700,48,original,0.5,0.5,3.0372072173049673
reward,41,700,48,original,0.5,0.5,3.209965308498795
reward,17,800,4,original,0.5,0.5,3.3509744017953835
reward,29,800,4,original,0.5,0.5,2.852248036804667
reward,41,800,4,original,0.5,0.5,2.4569522739861895
reward,17,800,8,original,0.5,0.5,3.1480374464888428
reward,29,800,8,original,0.5,0.5,2.974068121971868
reward,41,800,8,original,0.5,0.5,2.9487289175717706
reward,17,800,12,original,0.5,0.5,2.9028370517708026
reward,29,800,12,original,0.5,0.5,3.0237777284919503
reward,41,800,12,original,0.5,0.5,3.076774182904046
reward,17,800,24,original,0.5,0.5,2.407747721330452
reward,29,800,24,original,0.5,0.5,3.037874550976994
reward,41,800,24,original,0.5,0.5,3.1314789443808877
reward,17,800,48,original,0.5,0.5,1.8879879347150563
reward,29,800,48,original,0.5,0.5,2.914289589822147
reward,41,800,48,original,0.5,0.5,2.9934904996862315
reward,17,900,4,original,0.5,0.5,3.768500491103282
reward,29,900,4,original,1.0,1.0,0.019069767606197274
reward,41,900,4,original,1.0,1.0,0.006997757653152803
reward,17,900,8,original,0.5,0.5,3.6684990903028165
reward,29,900,8,original,1.0,1.0,0.023419408480549464
reward,41,900,8,original,1.0,1.0,0.010992942266966566
reward,17,900,12,original,0.5,0.5,3.42395794190611
reward,29,900,12,original,1.0,1.0,0.06777235448680585
reward,41,900,12,original,1.0,1.0,0.042479106474274886
reward,17,900,24,original,0.5,0.5,2.8240940022496943
reward,29,900,24,original,0.5,0.5,1.5345766660302615
reward,41,900,24,original,0.5,0.5,1.742914108689547
reward,17,900,48,original,0.5,0.5,2.2178537287072686
reward,29,900,48,original,0.5,0.5,2.4955145608219027
reward,41,900,48,original,0.5,0.5,2.9025866179354125
