model,case,status,outcome,observations,physics_steps,first_contact_s,first_contact_sources,first_contact_sugar,latency_censored,censor_time_s,final_x_mm,final_y_mm,final_z_mm,failure
initial-s42,odor-a-left,complete,sugar contact,201,20000,0.8,a,1.0,False,,9.593697816155657,1.0479233719687842,1.0331335789117218,
initial-s42,odor-a-right,complete,neutral contact,201,20000,0.8,b,0.0,False,,9.58596863228081,1.057644735568128,1.033114397808821,
initial-s42,odor-a-left-reversed,complete,neutral contact,201,20000,0.8,a,0.0,False,,9.593697816155657,1.0479233719687842,1.0331335789117218,
initial-s42,odor-a-left-neutral,complete,neutral contact,201,20000,0.8,a,0.0,False,,9.593697816155657,1.0479233719687842,1.0331335789117218,
initial-s42,odor-a-left-missing,complete,no source contact,201,20000,,,,True,2.0,23.179112783862003,1.606481337080343,1.098393635695019,
initial-s42,odor-a-left-repeat,complete,sugar contact,201,20000,0.8,a,1.0,False,,9.593697816155657,1.0479233719687842,1.0331335789117218,
language-s42,odor-a-left,complete,sugar contact,201,20000,0.7200000000000001,a,1.0,False,,8.651949254048366,1.1119528738475268,1.0322369858630671,
language-s42,odor-a-right,complete,neutral contact,201,20000,0.7200000000000001,b,0.0,False,,8.648588879775124,1.1230633187552932,1.0320027730790673,
language-s42,odor-a-left-reversed,complete,neutral contact,201,20000,0.7200000000000001,a,0.0,False,,8.651949254048366,1.1119528738475268,1.0322369858630671,
language-s42,odor-a-left-neutral,complete,neutral contact,201,20000,0.7200000000000001,a,0.0,False,,8.651949254048366,1.1119528738475268,1.0322369858630671,
language-s42,odor-a-left-missing,complete,no source contact,201,20000,,,,True,2.0,23.122939619739547,2.1074028961813873,1.0990493589078185,
language-s42,odor-a-left-repeat,complete,sugar contact,201,20000,0.7200000000000001,a,1.0,False,,8.651949254048366,1.1119528738475268,1.0322369858630671,
initial-s43,odor-a-left,complete,sugar contact,201,20000,0.7200000000000001,a,1.0,False,,8.713949071408063,0.8721204976717627,1.0359830066189164,
initial-s43,odor-a-right,complete,neutral contact,201,20000,0.7200000000000001,b,0.0,False,,8.718583060478437,0.8447627409590753,1.0355705925792527,
initial-s43,odor-a-left-reversed,complete,neutral contact,201,20000,0.7200000000000001,a,0.0,False,,8.713949071408063,0.8721204976717627,1.0359830066189164,
initial-s43,odor-a-left-neutral,complete,neutral contact,201,20000,0.7200000000000001,a,0.0,False,,8.713949071408063,0.8721204976717627,1.0359830066189164,
initial-s43,odor-a-left-missing,complete,no source contact,201,20000,,,,True,2.0,23.179112783862003,1.606481337080343,1.098393635695019,
initial-s43,odor-a-left-repeat,complete,sugar contact,201,20000,0.7200000000000001,a,1.0,False,,8.713949071408063,0.8721204976717627,1.0359830066189164,
language-s43,odor-a-left,complete,sugar contact,201,20000,0.7200000000000001,a,1.0,False,,8.647603178322367,1.0996589965894543,1.0325443104269703,
language-s43,odor-a-right,complete,neutral contact,201,20000,0.7200000000000001,b,0.0,False,,8.64416386638517,1.0638433923947388,1.032823348107551,
language-s43,odor-a-left-reversed,complete,neutral contact,201,20000,0.7200000000000001,a,0.0,False,,8.647603178322367,1.0996589965894543,1.0325443104269703,
language-s43,odor-a-left-neutral,complete,neutral contact,201,20000,0.7200000000000001,a,0.0,False,,8.647603178322367,1.0996589965894543,1.0325443104269703,
language-s43,odor-a-left-missing,complete,sugar contact,201,20000,0.7200000000000001,a,1.0,False,,8.648960597113263,1.1118584651810475,1.032340942048245,
language-s43,odor-a-left-repeat,complete,sugar contact,201,20000,0.7200000000000001,a,1.0,False,,8.647603178322367,1.0996589965894543,1.0325443104269703,
