method,step,cue,action_probability_0,chosen_action,expected_action,neural_choice_correct,yaw_change_rad,trajectory_sha256
bptt,0,0,0.4014952778816223,1,0,False,-2.5558148594220116,92a1e92c7cb7d25528d5ce455461da737dc4d9d7846a34ebe8275cc33725e391
bptt,0,1,0.38541433215141296,1,1,True,-2.5558148594220116,92a1e92c7cb7d25528d5ce455461da737dc4d9d7846a34ebe8275cc33725e391
bptt,300,0,0.9991727471351624,0,0,True,2.8108133339645214,002e9d257bde881ecbf218107738859667362c7a5b75817023694c5f1e62a348
bptt,300,1,0.0008271611877717078,1,1,True,-2.5558148594220116,92a1e92c7cb7d25528d5ce455461da737dc4d9d7846a34ebe8275cc33725e391
bptt,600,0,0.0019654526840895414,1,1,True,-2.5558148594220116,92a1e92c7cb7d25528d5ce455461da737dc4d9d7846a34ebe8275cc33725e391
bptt,600,1,0.9988666772842407,0,0,True,2.8108133339645214,002e9d257bde881ecbf218107738859667362c7a5b75817023694c5f1e62a348
bptt,900,0,0.9989001750946045,0,0,True,2.8108133339645214,002e9d257bde881ecbf218107738859667362c7a5b75817023694c5f1e62a348
bptt,900,1,0.0006356469239108264,1,1,True,-2.5558148594220116,92a1e92c7cb7d25528d5ce455461da737dc4d9d7846a34ebe8275cc33725e391
reservoir,0,0,0.4014952778816223,1,0,False,-2.5558148594220116,92a1e92c7cb7d25528d5ce455461da737dc4d9d7846a34ebe8275cc33725e391
reservoir,0,1,0.38541433215141296,1,1,True,-2.5558148594220116,92a1e92c7cb7d25528d5ce455461da737dc4d9d7846a34ebe8275cc33725e391
reservoir,300,0,0.9866424798965454,0,0,True,2.8108133339645214,002e9d257bde881ecbf218107738859667362c7a5b75817023694c5f1e62a348
reservoir,300,1,0.01225944422185421,1,1,True,-2.5558148594220116,92a1e92c7cb7d25528d5ce455461da737dc4d9d7846a34ebe8275cc33725e391
reservoir,600,0,0.01969495601952076,1,1,True,-2.5558148594220116,92a1e92c7cb7d25528d5ce455461da737dc4d9d7846a34ebe8275cc33725e391
reservoir,600,1,0.9838951230049133,0,0,True,2.8108133339645214,002e9d257bde881ecbf218107738859667362c7a5b75817023694c5f1e62a348
reservoir,900,0,0.9801889657974243,0,0,True,2.8108133339645214,002e9d257bde881ecbf218107738859667362c7a5b75817023694c5f1e62a348
reservoir,900,1,0.016979394480586052,1,1,True,-2.5558148594220116,92a1e92c7cb7d25528d5ce455461da737dc4d9d7846a34ebe8275cc33725e391
eligibility,0,0,0.4014952778816223,1,0,False,-2.5558148594220116,92a1e92c7cb7d25528d5ce455461da737dc4d9d7846a34ebe8275cc33725e391
eligibility,0,1,0.38541433215141296,1,1,True,-2.5558148594220116,92a1e92c7cb7d25528d5ce455461da737dc4d9d7846a34ebe8275cc33725e391
eligibility,300,0,0.9983824491500854,0,0,True,2.8108133339645214,002e9d257bde881ecbf218107738859667362c7a5b75817023694c5f1e62a348
eligibility,300,1,0.0017024364788085222,1,1,True,-2.5558148594220116,92a1e92c7cb7d25528d5ce455461da737dc4d9d7846a34ebe8275cc33725e391
eligibility,600,0,0.48619258403778076,1,1,True,-2.5558148594220116,92a1e92c7cb7d25528d5ce455461da737dc4d9d7846a34ebe8275cc33725e391
eligibility,600,1,0.579804003238678,0,0,True,2.8108133339645214,002e9d257bde881ecbf218107738859667362c7a5b75817023694c5f1e62a348
eligibility,900,0,0.578213632106781,0,0,True,2.8108133339645214,002e9d257bde881ecbf218107738859667362c7a5b75817023694c5f1e62a348
eligibility,900,1,0.3553052246570587,1,1,True,-2.5558148594220116,92a1e92c7cb7d25528d5ce455461da737dc4d9d7846a34ebe8275cc33725e391
instantaneous,0,0,0.4014952778816223,1,0,False,-2.5558148594220116,92a1e92c7cb7d25528d5ce455461da737dc4d9d7846a34ebe8275cc33725e391
instantaneous,0,1,0.38541433215141296,1,1,True,-2.5558148594220116,92a1e92c7cb7d25528d5ce455461da737dc4d9d7846a34ebe8275cc33725e391
instantaneous,300,0,0.9232204556465149,0,0,True,2.8108133339645214,002e9d257bde881ecbf218107738859667362c7a5b75817023694c5f1e62a348
instantaneous,300,1,0.006184638012200594,1,1,True,-2.5558148594220116,92a1e92c7cb7d25528d5ce455461da737dc4d9d7846a34ebe8275cc33725e391
instantaneous,600,0,0.4696156978607178,1,1,True,-2.5558148594220116,92a1e92c7cb7d25528d5ce455461da737dc4d9d7846a34ebe8275cc33725e391
instantaneous,600,1,0.5215854644775391,0,0,True,2.8108133339645214,002e9d257bde881ecbf218107738859667362c7a5b75817023694c5f1e62a348
instantaneous,900,0,0.6152536869049072,0,0,True,2.8108133339645214,002e9d257bde881ecbf218107738859667362c7a5b75817023694c5f1e62a348
instantaneous,900,1,0.36645036935806274,1,1,True,-2.5558148594220116,92a1e92c7cb7d25528d5ce455461da737dc4d9d7846a34ebe8275cc33725e391
reward,0,0,0.4014952778816223,1,0,False,-2.5558148594220116,92a1e92c7cb7d25528d5ce455461da737dc4d9d7846a34ebe8275cc33725e391
reward,0,1,0.38541433215141296,1,1,True,-2.5558148594220116,92a1e92c7cb7d25528d5ce455461da737dc4d9d7846a34ebe8275cc33725e391
reward,300,0,0.995218813419342,0,0,True,2.8108133339645214,002e9d257bde881ecbf218107738859667362c7a5b75817023694c5f1e62a348
reward,300,1,0.005535151343792677,1,1,True,-2.5558148594220116,92a1e92c7cb7d25528d5ce455461da737dc4d9d7846a34ebe8275cc33725e391
reward,600,0,0.9990341663360596,0,1,False,2.8108133339645214,002e9d257bde881ecbf218107738859667362c7a5b75817023694c5f1e62a348
reward,600,1,0.9986624717712402,0,0,True,2.8108133339645214,002e9d257bde881ecbf218107738859667362c7a5b75817023694c5f1e62a348
reward,900,0,0.9995203018188477,0,0,True,2.8108133339645214,002e9d257bde881ecbf218107738859667362c7a5b75817023694c5f1e62a348
reward,900,1,0.9993748068809509,0,1,False,2.8108133339645214,002e9d257bde881ecbf218107738859667362c7a5b75817023694c5f1e62a348
