position,state,initial_mean_absolute,trained_mean_absolute,paired_rms_distance
0,fast,0.023114493116736412,0.12406399846076965,0.16715337336063385
0,slow,0.0008488452294841409,0.005012591369450092,0.008295652456581593
1,fast,0.024180753156542778,0.10710226744413376,0.13976050913333893
1,slow,0.0014030586462467909,0.007566943299025297,0.01224948838353157
2,fast,0.025006456300616264,0.10264086723327637,0.13461017608642578
2,slow,0.0018371419282630086,0.009649325162172318,0.01467194315046072
3,fast,0.024417364969849586,0.12249694764614105,0.15798237919807434
3,slow,0.002205837285146117,0.012434160336852074,0.019363639876246452
4,fast,0.025101836770772934,0.10493816435337067,0.13537096977233887
4,slow,0.002462224569171667,0.012538920156657696,0.01886901818215847
5,fast,0.02633177675306797,0.14378900825977325,0.20670075714588165
5,slow,0.0026766061782836914,0.016581077128648758,0.02732216939330101
6,fast,0.026247425004839897,0.1347522735595703,0.20231463015079498
6,slow,0.0029052195604890585,0.0180592592805624,0.032972484827041626
7,fast,0.028729788959026337,0.14817650616168976,0.21444252133369446
7,slow,0.0032526892609894276,0.01996541954576969,0.04033540561795235
8,fast,0.027257947251200676,0.13183803856372833,0.18123741447925568
8,slow,0.0034839690197259188,0.02152818813920021,0.04441894590854645
9,fast,0.031105462461709976,0.1281193196773529,0.1870080679655075
9,slow,0.0038337474688887596,0.023998964577913284,0.05031291022896767
10,fast,0.02796049416065216,0.11521711200475693,0.1695956438779831
10,slow,0.003968462813645601,0.0258084274828434,0.0540631003677845
11,fast,0.02803495153784752,0.14442116022109985,0.19719548523426056
11,slow,0.0039836266078054905,0.02824549563229084,0.05951095372438431
12,fast,0.02781280316412449,0.1452343612909317,0.19767366349697113
12,slow,0.004227504134178162,0.0297610592097044,0.06323803216218948
13,fast,0.024144500494003296,0.13367411494255066,0.19519980251789093
13,slow,0.004301833920180798,0.032039593905210495,0.06801848113536835
14,fast,0.02867206372320652,0.1408279687166214,0.2052178680896759
14,slow,0.004429489839822054,0.034493010491132736,0.07262562215328217
15,fast,0.03273334726691246,0.1287066638469696,0.18415942788124084
15,slow,0.004711623303592205,0.036515720188617706,0.07701054215431213
16,fast,0.02877967432141304,0.12119467556476593,0.15838809311389923
16,slow,0.004919454921036959,0.03672357276082039,0.07627841830253601
17,fast,0.025121040642261505,0.13322776556015015,0.18789373338222504
17,slow,0.004954013042151928,0.03840704262256622,0.07964204251766205
18,fast,0.027274256572127342,0.1168430745601654,0.16540592908859253
18,slow,0.005077056121081114,0.039328429847955704,0.08135201781988144
19,fast,0.02886609174311161,0.12510940432548523,0.16544568538665771
19,slow,0.00522852735593915,0.039564382284879684,0.0815202072262764
20,fast,0.027089867740869522,0.12454041093587875,0.17540623247623444
20,slow,0.005402863956987858,0.040771059691905975,0.08381255716085434
21,fast,0.029798639938235283,0.12311931699514389,0.17720337212085724
21,slow,0.005496256519109011,0.04271901026368141,0.08730266988277435
22,fast,0.027503635734319687,0.13944201171398163,0.18999338150024414
22,slow,0.005527321714907885,0.044639647006988525,0.08979863673448563
23,fast,0.029557982459664345,0.10869818925857544,0.1510254442691803
23,slow,0.0056805857457220554,0.04548804461956024,0.09051650762557983
24,fast,0.029552942141890526,0.15557041764259338,0.21760223805904388
24,slow,0.005905340425670147,0.047561489045619965,0.09412117302417755
25,fast,0.02823040448129177,0.15411585569381714,0.21816392242908478
25,slow,0.00624646944925189,0.050036538392305374,0.0983976200222969
26,fast,0.027242284268140793,0.16077390313148499,0.22651508450508118
26,slow,0.006167738698422909,0.052422165870666504,0.10297001153230667
27,fast,0.024250993505120277,0.1387457251548767,0.18996931612491608
27,slow,0.00618379469960928,0.05278445780277252,0.1030735969543457
28,fast,0.02722608670592308,0.1561286449432373,0.21533454954624176
28,slow,0.0062729595229029655,0.053279586136341095,0.10343468189239502
29,fast,0.027204250916838646,0.1451653689146042,0.19409975409507751
29,slow,0.006366088520735502,0.05452138930559158,0.1057380959391594
30,fast,0.028056863695383072,0.14834435284137726,0.20292389392852783
30,slow,0.006537768058478832,0.05629131942987442,0.10890255123376846
31,fast,0.02673790603876114,0.13212458789348602,0.17825007438659668
31,slow,0.006677511613816023,0.056813955307006836,0.10946960002183914
32,fast,0.03064233437180519,0.12694622576236725,0.18031705915927887
32,slow,0.006992768496274948,0.058065399527549744,0.11123945564031601
33,fast,0.03312137350440025,0.15233616530895233,0.21351048350334167
33,slow,0.007271833252161741,0.059117257595062256,0.11368755251169205
34,fast,0.030544588342308998,0.13562050461769104,0.1779838502407074
34,slow,0.007504153531044722,0.05888989195227623,0.11196986585855484
35,fast,0.030274786055088043,0.16951271891593933,0.24107517302036285
35,slow,0.007578900083899498,0.0608212985098362,0.11596748977899551
36,fast,0.03183096647262573,0.14618992805480957,0.22571925818920135
36,slow,0.0076020811684429646,0.06229180842638016,0.11866322159767151
37,fast,0.0308818556368351,0.15759137272834778,0.22696435451507568
37,slow,0.007771452888846397,0.06372097879648209,0.12167297303676605
38,fast,0.029783004894852638,0.16880807280540466,0.231013223528862
38,slow,0.00784686952829361,0.06558546423912048,0.12464433908462524
39,fast,0.02791045419871807,0.1332325041294098,0.19176779687404633
39,slow,0.007913431152701378,0.06638959795236588,0.1258428394794464
40,fast,0.030796803534030914,0.14819614589214325,0.20383211970329285
40,slow,0.008087879046797752,0.06754420697689056,0.1274624913930893
41,fast,0.029594531282782555,0.15101368725299835,0.21380238234996796
41,slow,0.008166651241481304,0.06847678869962692,0.12926085293293
42,fast,0.028162745758891106,0.15002107620239258,0.2069675624370575
42,slow,0.008166944608092308,0.06798283755779266,0.12715710699558258
43,fast,0.028395934030413628,0.16000355780124664,0.21191717684268951
43,slow,0.008215800859034061,0.06742538511753082,0.12475398927927017
44,fast,0.02654573693871498,0.1298060417175293,0.16520152986049652
44,slow,0.008186656050384045,0.06698735058307648,0.12215186655521393
45,fast,0.029752377420663834,0.10644800961017609,0.1443432867527008
45,slow,0.008104382082819939,0.06647462397813797,0.12048110365867615
46,fast,0.027463313192129135,0.1510087251663208,0.2131786346435547
46,slow,0.008074909448623657,0.06702855229377747,0.1213284432888031
47,fast,0.026203792542219162,0.1500207781791687,0.2159687727689743
47,slow,0.008219931274652481,0.06854475289583206,0.12412944436073303
48,fast,0.03043615072965622,0.13656407594680786,0.18984653055667877
48,slow,0.0084832226857543,0.06863681972026825,0.1245230883359909
49,fast,0.026669081300497055,0.143196702003479,0.20741119980812073
49,slow,0.008566980250179768,0.06964829564094543,0.1264296919107437
50,fast,0.03215816617012024,0.12867392599582672,0.18555974960327148
50,slow,0.008778284303843975,0.0703163668513298,0.12771163880825043
51,fast,0.03179185092449188,0.14317777752876282,0.20570501685142517
51,slow,0.00916118361055851,0.07148713618516922,0.12956561148166656
52,fast,0.029559368267655373,0.13550648093223572,0.19805817306041718
52,slow,0.009400616399943829,0.0725371390581131,0.13175088167190552
53,fast,0.032290440052747726,0.14776763319969177,0.20502077043056488
53,slow,0.009581880643963814,0.07317475974559784,0.1328267753124237
54,fast,0.029751259833574295,0.12007185816764832,0.16183431446552277
54,slow,0.00958943460136652,0.07283541560173035,0.13179956376552582
55,fast,0.031431764364242554,0.1464737504720688,0.20577691495418549
55,slow,0.009603864513337612,0.07306463271379471,0.13302038609981537
56,fast,0.024017641320824623,0.1280021369457245,0.1730339080095291
56,slow,0.009624085389077663,0.07201749086380005,0.13072480261325836
57,fast,0.027066435664892197,0.1252766251564026,0.1775621920824051
57,slow,0.00965234637260437,0.07183799147605896,0.1307988315820694
58,fast,0.0278007872402668,0.1262674331665039,0.18489304184913635
58,slow,0.009657789021730423,0.07212211191654205,0.13157828152179718
59,fast,0.029673617333173752,0.12635643780231476,0.18348610401153564
59,slow,0.009618701413273811,0.07258550822734833,0.1323103904724121
60,fast,0.031119320541620255,0.14282184839248657,0.19179528951644897
60,slow,0.009714766405522823,0.07315576076507568,0.13302530348300934
61,fast,0.02876034751534462,0.13813428580760956,0.19722123444080353
61,slow,0.009730516001582146,0.07376134395599365,0.13407468795776367
62,fast,0.027878623455762863,0.13501963019371033,0.19697578251361847
62,slow,0.009917857125401497,0.07474692165851593,0.13576403260231018
63,fast,0.027520447969436646,0.13848668336868286,0.1888769119977951
63,slow,0.01000820379704237,0.07416357100009918,0.13462653756141663
64,fast,0.027063563466072083,0.11908626556396484,0.1659853756427765
64,slow,0.010034856386482716,0.07394822686910629,0.13418905436992645
65,fast,0.02959086000919342,0.13687482476234436,0.17415569722652435
65,slow,0.010100890882313251,0.07323292642831802,0.13100746273994446
66,fast,0.029972054064273834,0.13368599116802216,0.1783643215894699
66,slow,0.010212041437625885,0.07320421934127808,0.13044047355651855
67,fast,0.030445292592048645,0.13469363749027252,0.1775035262107849
67,slow,0.010405568405985832,0.07182541489601135,0.1266971230506897
68,fast,0.033329714089632034,0.11810867488384247,0.1578831970691681
68,slow,0.010643625631928444,0.07168950140476227,0.12584340572357178
69,fast,0.0327671617269516,0.11699528992176056,0.1566292941570282
69,slow,0.01090650912374258,0.0710221379995346,0.12367373704910278
70,fast,0.030891625210642815,0.11489203572273254,0.1594458967447281
70,slow,0.011096288450062275,0.07115552574396133,0.12375681102275848
71,fast,0.03171834349632263,0.13222067058086395,0.1860329955816269
71,slow,0.011441567912697792,0.07207001000642776,0.12480498105287552
72,fast,0.027393635362386703,0.12624973058700562,0.17261992394924164
72,slow,0.011437773704528809,0.07173813879489899,0.12421131134033203
73,fast,0.03402942419052124,0.1260901838541031,0.1751817911863327
73,slow,0.01160092931240797,0.0722440630197525,0.12497936934232712
74,fast,0.03227340430021286,0.11733895540237427,0.16304965317249298
74,slow,0.011754150502383709,0.07230909168720245,0.12500280141830444
75,fast,0.032604020088911057,0.12062519043684006,0.17651718854904175
75,slow,0.011893972754478455,0.07291946560144424,0.12616148591041565
76,fast,0.03278205171227455,0.1389051377773285,0.18638983368873596
76,slow,0.012158679775893688,0.07353381812572479,0.12708376348018646
