selection,group,graph_seed,status,failure_reason,neurons,fast_edges,edge_density_percent,original_edge_overlap_percent,unchanged_endpoint_slots_percent,original_largest_scc_percent,rewired_largest_scc_percent,original_reciprocal_percent,rewired_reciprocal_percent,accepted_swaps,proposed_swaps,acceptance_fraction
KCg-d-L-t1/candidate,candidate,101,complete,,784,27049,4.400672896709704,31.28766312987541,0.7763688121557174,59.183673469387756,59.183673469387756,42.525973305727064,18.634229304543943,270490,939929,0.28777705550100063
KCg-d-L-t1/candidate,candidate,103,complete,,784,27049,4.400672896709704,31.468815852711746,0.7430958630633295,59.183673469387756,59.183673469387756,42.525973305727064,18.515916737530965,270490,938390,0.28824902226153304
KCg-d-L-t1/candidate,candidate,107,complete,,784,27049,4.400672896709704,31.269178158157416,0.6543679988169618,59.183673469387756,59.183673469387756,42.525973305727064,18.856065367693276,270490,939784,0.2878214568454028
KCg-d-L-t1/contact_ranked,contact_ranked,101,complete,,784,37971,6.177601780508121,13.370730294171867,0.3976719075083617,91.19897959183673,91.19897959183673,49.615465655288666,8.586177833965444,379710,1002211,0.37887231331525995
KCg-d-L-t1/contact_ranked,contact_ranked,103,complete,,784,37971,6.177601780508121,13.110005003818703,0.4029390850912538,91.19897959183673,91.07142857142857,49.615465655288666,8.422882427307206,379710,1001172,0.3792655008330237
KCg-d-L-t1/contact_ranked,contact_ranked,107,complete,,784,37971,6.177601780508121,13.152142424481841,0.3950383187169155,91.19897959183673,91.07142857142857,49.615465655288666,8.465023177412558,379710,1000331,0.3795843575776418
KCg-d-L-t1/uniform_s201,uniform,101,complete,,784,820,0.1334079550187422,2.5609756097560976,1.2195121951219512,4.336734693877551,22.831632653061224,26.585365853658537,0.4878048780487805,8200,16480,0.4975728155339806
KCg-d-L-t1/uniform_s201,uniform,103,complete,,784,820,0.1334079550187422,1.951219512195122,0.853658536585366,4.336734693877551,25.382653061224488,26.585365853658537,0.4878048780487805,8200,16206,0.5059854374922869
KCg-d-L-t1/uniform_s201,uniform,107,complete,,784,820,0.1334079550187422,2.317073170731707,0.975609756097561,4.336734693877551,24.23469387755102,26.585365853658537,0.4878048780487805,8200,16465,0.4980261160036441
KCg-d-L-t1/stratified_s201,stratified,101,complete,,784,2621,0.4264173781757601,5.150705837466616,0.9538344143456695,33.41836734693877,40.30612244897959,18.17487590683467,0.8400152730049638,26210,48221,0.5435391219593123
KCg-d-L-t1/stratified_s201,stratified,103,complete,,784,2621,0.4264173781757601,5.494086226631057,1.06829454406715,33.41836734693877,39.41326530612245,18.17487590683467,0.9927453226422298,26210,47887,0.547330173115877
KCg-d-L-t1/stratified_s201,stratified,107,complete,,784,2621,0.4264173781757601,4.8073254483021755,0.9156810377718427,33.41836734693877,41.326530612244895,18.17487590683467,0.9163802978235969,26210,47681,0.5496948470040477
KCg-d-L-t1/uniform_s203,uniform,101,complete,,784,854,0.13893950437317784,3.9812646370023423,1.756440281030445,13.775510204081632,21.81122448979592,33.021077283372364,2.576112412177986,8540,17295,0.49378433073142525
KCg-d-L-t1/uniform_s203,uniform,103,complete,,784,854,0.13893950437317784,2.810304449648712,1.405152224824356,13.775510204081632,25.127551020408163,33.021077283372364,1.1709601873536302,8540,17243,0.49527344429623615
KCg-d-L-t1/uniform_s203,uniform,107,complete,,784,854,0.13893950437317784,2.693208430913349,1.405152224824356,13.775510204081632,21.428571428571427,33.021077283372364,2.810304449648712,8540,17407,0.4906072269776527
KCg-d-L-t1/stratified_s203,stratified,101,complete,,784,2541,0.41340196793002915,4.801259346713892,0.8658008658008658,35.84183673469388,39.795918367346935,16.05667060212515,0.7870916961826053,25410,48293,0.5261632120597188
KCg-d-L-t1/stratified_s203,stratified,103,complete,,784,2541,0.41340196793002915,4.761904761904762,0.6296733569460842,35.84183673469388,39.923469387755105,16.05667060212515,0.7083825265643447,25410,48067,0.5286371106996484
KCg-d-L-t1/stratified_s203,stratified,107,complete,,784,2541,0.41340196793002915,3.896103896103896,0.39354584809130266,35.84183673469388,39.15816326530612,16.05667060212515,0.5509641873278237,25410,48444,0.5245231607629428
KCg-d-L-t1/uniform_s207,uniform,101,complete,,784,781,0.12706294252394834,1.9206145966709345,0.3841229193341869,11.479591836734693,23.979591836734695,31.498079385403326,0.7682458386683738,7810,16218,0.48156369466025406
KCg-d-L-t1/uniform_s207,uniform,103,complete,,784,781,0.12706294252394834,2.8169014084507045,1.792573623559539,11.479591836734693,25.892857142857142,31.498079385403326,1.792573623559539,7810,16085,0.48554553932235
KCg-d-L-t1/uniform_s207,uniform,107,complete,,784,781,0.12706294252394834,3.0729833546734953,1.1523687580025608,11.479591836734693,25.0,31.498079385403326,1.0243277848911652,7810,16148,0.48365122615803813
KCg-d-L-t1/stratified_s207,stratified,101,complete,,784,2822,0.4591185964181591,4.854712969525159,1.0276399716513112,37.62755102040816,41.58163265306123,19.489723600283487,0.7087172218284904,28220,51912,0.5436122669132378
KCg-d-L-t1/stratified_s207,stratified,103,complete,,784,2822,0.4591185964181591,4.394046775336641,0.6732813607370659,37.62755102040816,41.454081632653065,19.489723600283487,1.0630758327427356,28220,51432,0.5486856431793437
KCg-d-L-t1/stratified_s207,stratified,107,complete,,784,2822,0.4591185964181591,4.925584691708009,0.6024096385542169,37.62755102040816,41.58163265306123,19.489723600283487,0.7795889440113395,28220,51948,0.5432355432355432
KCg-d-L-t5/candidate,candidate,101,complete,,487,15674,6.60878951296333,62.86844455786653,2.105397473523032,38.60369609856263,38.60369609856263,50.76245772985389,44.011995150896446,156740,1456398,0.1076216803373803
KCg-d-L-t5/candidate,candidate,103,complete,,487,15674,6.60878951296333,62.72170473395432,1.8565777721066736,38.60369609856263,38.60369609856263,50.76245772985389,43.62917118611625,156740,1462364,0.10718261663990634
KCg-d-L-t5/candidate,candidate,107,complete,,487,15674,6.60878951296333,62.849304580834506,1.9969376036748758,38.60369609856263,38.60369609856263,50.76245772985389,43.48880239903018,156740,1457344,0.10755182029774714
KCg-d-L-t5/contact_ranked,contact_ranked,101,complete,,487,15238,6.424954357441318,14.135713348208427,0.6037537734610842,91.37577002053388,91.37577002053388,51.56547423695438,9.058089924515917,152380,399922,0.381024299738449
KCg-d-L-t5/contact_ranked,contact_ranked,103,complete,,487,15238,6.424954357441318,14.45071531697073,0.7218795117469484,91.37577002053388,91.37577002053388,51.56547423695438,9.46504758779127,152380,399246,0.3816694469074205
KCg-d-L-t5/contact_ranked,contact_ranked,107,complete,,487,15238,6.424954357441318,13.984774904843157,0.6628166426040163,91.37577002053388,91.37577002053388,51.56547423695438,9.281260255989498,152380,401348,0.3796705103800193
KCg-d-L-t5/uniform_s201,uniform,101,complete,,487,279,0.11763763392348915,1.4336917562724014,0.7168458781362007,1.2320328542094456,0.4106776180698152,26.523297491039425,1.4336917562724014,2790,5311,0.5253247975899077
KCg-d-L-t5/uniform_s201,uniform,103,complete,,487,279,0.11763763392348915,3.584229390681003,2.1505376344086025,1.2320328542094456,0.2053388090349076,26.523297491039425,0.0,2790,5417,0.5150452279859701
KCg-d-L-t5/uniform_s201,uniform,107,complete,,487,279,0.11763763392348915,3.584229390681003,1.4336917562724014,1.2320328542094456,1.8480492813141685,26.523297491039425,0.0,2790,5388,0.5178173719376392
KCg-d-L-t5/stratified_s201,stratified,101,complete,,487,853,0.35965914600980736,7.854630715123095,3.2825322391559206,4.9281314168377826,14.57905544147844,10.093896713615024,0.9389671361502347,8530,10578,0.8063906220457553
KCg-d-L-t5/stratified_s201,stratified,103,complete,,487,853,0.35965914600980736,8.792497069167643,3.8686987104337636,4.9281314168377826,14.373716632443532,10.093896713615024,0.9389671361502347,8530,10652,0.8007885843034172
KCg-d-L-t5/stratified_s201,stratified,107,complete,,487,853,0.35965914600980736,9.026963657678781,3.5169988276670576,4.9281314168377826,14.57905544147844,10.093896713615024,0.4694835680751174,8530,10634,0.8021440662027459
KCg-d-L-t5/uniform_s203,uniform,101,complete,,487,235,0.09908546226530449,2.127659574468085,0.851063829787234,0.8213552361396304,1.2320328542094456,18.72340425531915,0.851063829787234,2350,4821,0.4874507363617507
KCg-d-L-t5/uniform_s203,uniform,103,complete,,487,235,0.09908546226530449,2.9787234042553195,1.702127659574468,0.8213552361396304,0.2053388090349076,18.72340425531915,0.0,2350,4861,0.4834396214770623
KCg-d-L-t5/uniform_s203,uniform,107,complete,,487,235,0.09908546226530449,3.404255319148936,2.9787234042553195,0.8213552361396304,0.2053388090349076,18.72340425531915,0.0,2350,4970,0.47283702213279677
KCg-d-L-t5/stratified_s203,stratified,101,complete,,487,784,0.3305659677276541,8.673469387755102,3.9540816326530615,1.6427104722792607,6.570841889117043,8.42911877394636,0.0,7840,9959,0.7872276332965157
KCg-d-L-t5/stratified_s203,stratified,103,complete,,487,784,0.3305659677276541,6.377551020408164,2.0408163265306123,1.6427104722792607,4.312114989733059,8.42911877394636,0.2554278416347382,7840,9906,0.7914395315970119
KCg-d-L-t5/stratified_s203,stratified,107,complete,,487,784,0.3305659677276541,8.673469387755102,3.4438775510204076,1.6427104722792607,7.392197125256674,8.42911877394636,1.0217113665389528,7840,9941,0.7886530530127753
KCg-d-L-t5/uniform_s207,uniform,101,complete,,487,254,0.10709662729952059,3.543307086614173,0.39370078740157477,1.2320328542094456,1.2320328542094456,24.409448818897637,3.937007874015748,2540,5419,0.4687211662668389
KCg-d-L-t5/uniform_s207,uniform,103,complete,,487,254,0.10709662729952059,2.7559055118110236,0.7874015748031495,1.2320328542094456,0.6160164271047228,24.409448818897637,2.3622047244094486,2540,5375,0.47255813953488374
KCg-d-L-t5/uniform_s207,uniform,107,complete,,487,254,0.10709662729952059,4.724409448818897,1.1811023622047243,1.2320328542094456,5.95482546201232,24.409448818897637,0.7874015748031495,2540,5399,0.4704574921281719
KCg-d-L-t5/stratified_s207,stratified,101,complete,,487,1000,0.4216402649587425,11.700000000000001,3.1,5.13347022587269,15.40041067761807,12.212212212212211,0.20020020020020018,10000,13727,0.7284912945290304
KCg-d-L-t5/stratified_s207,stratified,103,complete,,487,1000,0.4216402649587425,10.9,3.1,5.13347022587269,14.57905544147844,12.212212212212211,0.8008008008008007,10000,13848,0.7221259387637204
KCg-d-L-t5/stratified_s207,stratified,107,complete,,487,1000,0.4216402649587425,11.200000000000001,3.4000000000000004,5.13347022587269,15.811088295687885,12.212212212212211,1.001001001001001,10000,13829,0.7231180851833104
KCg-d-R-t1/candidate,candidate,101,complete,,858,33652,4.571264011823453,28.958159990490905,0.582431950552716,61.07226107226107,61.07226107226107,43.48291233283803,17.895988112927192,336520,1099184,0.30615438361548203
KCg-d-R-t1/candidate,candidate,103,complete,,858,33652,4.571264011823453,28.967074765244266,0.6894092475930108,61.07226107226107,61.07226107226107,43.48291233283803,18.0148588410104,336520,1098078,0.3064627467265531
KCg-d-R-t1/candidate,candidate,107,complete,,858,33652,4.571264011823453,29.270177106858437,0.6359205990728635,61.07226107226107,61.07226107226107,43.48291233283803,17.765230312035662,336520,1098648,0.30630374787921155
KCg-d-R-t1/contact_ranked,contact_ranked,101,complete,,858,44386,6.029363022370015,12.954535213806157,0.3627269859865724,90.9090909090909,90.9090909090909,49.41982290516639,8.070657684248474,443860,1166140,0.3806232527826848
KCg-d-R-t1/contact_ranked,contact_ranked,103,complete,,858,44386,6.029363022370015,12.862163745325104,0.32893254629838237,90.9090909090909,90.9090909090909,49.41982290516639,8.16979474122975,443860,1160532,0.38246252580712986
KCg-d-R-t1/contact_ranked,contact_ranked,107,complete,,858,44386,6.029363022370015,12.990582616140225,0.3379443968818997,90.9090909090909,90.9090909090909,49.41982290516639,8.052632764797332,443860,1162964,0.38166271698866
KCg-d-R-t1/uniform_s201,uniform,101,complete,,858,943,0.12809645676778544,2.332979851537646,0.7423117709437964,6.993006993006993,27.855477855477854,28.905419766206165,0.21253985122210414,9430,19314,0.48824686755721236
KCg-d-R-t1/uniform_s201,uniform,103,complete,,858,943,0.12809645676778544,2.332979851537646,1.2725344644750796,6.993006993006993,27.38927738927739,28.905419766206165,1.2752391073326248,9430,19004,0.49621132393180384
KCg-d-R-t1/uniform_s201,uniform,107,complete,,858,943,0.12809645676778544,2.014846235418876,1.2725344644750796,6.993006993006993,24.825174825174827,28.905419766206165,1.2752391073326248,9430,19218,0.49068581538141326
KCg-d-R-t1/stratified_s201,stratified,101,complete,,858,3202,0.434957427964421,4.059962523422861,0.749531542785759,36.48018648018648,43.24009324009324,18.238600874453468,0.9369144284821986,32020,59805,0.5354067385670095
KCg-d-R-t1/stratified_s201,stratified,103,complete,,858,3202,0.434957427964421,3.7164272329793877,0.5621486570893192,36.48018648018648,43.93939393939394,18.238600874453468,0.6870705808869456,32020,60009,0.5335866286723658
KCg-d-R-t1/stratified_s201,stratified,107,complete,,858,3202,0.434957427964421,3.653966271080575,0.8432229856339788,36.48018648018648,43.82284382284382,18.238600874453468,0.6870705808869456,32020,59954,0.534076125029189
KCg-d-R-t1/uniform_s203,uniform,101,complete,,858,964,0.13094908199803304,3.423236514522822,1.7634854771784232,7.808857808857809,23.426573426573427,32.15767634854772,2.4896265560165975,9640,19896,0.48451950140731803
KCg-d-R-t1/uniform_s203,uniform,103,complete,,858,964,0.13094908199803304,3.2157676348547715,1.7634854771784232,7.808857808857809,27.855477855477854,32.15767634854772,1.6597510373443984,9640,20033,0.48120601008336245
KCg-d-R-t1/uniform_s203,uniform,107,complete,,858,964,0.13094908199803304,3.423236514522822,1.970954356846473,7.808857808857809,22.61072261072261,32.15767634854772,2.4896265560165975,9640,19987,0.48231350377745535
KCg-d-R-t1/stratified_s203,stratified,101,complete,,858,3085,0.41906423025304146,3.987034035656402,0.5186385737439222,41.60839160839161,43.93939393939394,19.06614785992218,0.5188067444876783,30850,56386,0.5471216259355159
KCg-d-R-t1/stratified_s203,stratified,103,complete,,858,3085,0.41906423025304146,4.213938411669368,0.8103727714748784,41.60839160839161,45.92074592074592,19.06614785992218,0.9079118028534372,30850,56282,0.5481326178884901
KCg-d-R-t1/stratified_s203,stratified,107,complete,,858,3085,0.41906423025304146,4.051863857374392,0.713128038897893,41.60839160839161,44.52214452214452,19.06614785992218,0.648508430609598,30850,56381,0.5471701459711605
KCg-d-R-t1/uniform_s207,uniform,101,complete,,858,800,0.10867143734276602,1.625,0.8750000000000001,5.7109557109557105,18.065268065268064,24.0,0.5,8000,15446,0.5179334455522465
KCg-d-R-t1/uniform_s207,uniform,103,complete,,858,800,0.10867143734276602,1.875,0.75,5.7109557109557105,20.745920745920746,24.0,0.25,8000,15429,0.5185041156264177
KCg-d-R-t1/uniform_s207,uniform,107,complete,,858,800,0.10867143734276602,2.0,0.5,5.7109557109557105,21.21212121212121,24.0,0.75,8000,15385,0.5199870003249919
KCg-d-R-t1/stratified_s207,stratified,101,complete,,858,2821,0.38320265592992864,3.119461183977313,0.9216589861751152,32.86713286713287,40.20979020979021,16.246896062433485,0.5675771550195104,28210,52156,0.540877367896311
KCg-d-R-t1/stratified_s207,stratified,103,complete,,858,2821,0.38320265592992864,3.013115916341723,0.673520028358738,32.86713286713287,37.06293706293706,16.246896062433485,0.5675771550195104,28210,51511,0.5476500165013298
KCg-d-R-t1/stratified_s207,stratified,107,complete,,858,2821,0.38320265592992864,3.296703296703297,0.5317263381779511,32.86713286713287,37.76223776223776,16.246896062433485,0.4256828662646328,28210,51972,0.5427922727622566
KCg-d-R-t5/candidate,candidate,101,complete,,540,18499,6.343964334705076,61.46818746959295,1.681171955240824,39.44444444444444,39.81481481481482,51.45699302589609,43.17456884900254,184990,1638246,0.11291954932287336
KCg-d-R-t5/candidate,candidate,103,complete,,540,18499,6.343964334705076,61.300610843829396,1.5676523055300287,39.44444444444444,39.81481481481482,51.45699302589609,43.20700654160134,184990,1639351,0.11284343621347716
KCg-d-R-t5/candidate,candidate,107,complete,,540,18499,6.343964334705076,61.84118060435699,1.7514460241094112,39.44444444444444,39.81481481481482,51.45699302589609,43.05563064280694,184990,1646366,0.11236262167707545
KCg-d-R-t5/contact_ranked,contact_ranked,101,complete,,540,18431,6.320644718792867,13.466442406814604,0.49373338397265476,90.92592592592592,90.92592592592592,51.790753201649665,8.812676362057738,184310,482561,0.3819413504199469
KCg-d-R-t5/contact_ranked,contact_ranked,103,complete,,540,18431,6.320644718792867,13.498996256307308,0.6293744235255818,90.92592592592592,90.92592592592592,51.790753201649665,8.845235511178641,184310,484132,0.38070195731742584
KCg-d-R-t5/contact_ranked,contact_ranked,107,complete,,540,18431,6.320644718792867,14.177201454071945,0.5371385166295914,90.92592592592592,90.92592592592592,51.790753201649665,8.812676362057738,184310,483413,0.38126819096714404
KCg-d-R-t5/uniform_s201,uniform,101,complete,,540,334,0.11454046639231824,1.7964071856287425,1.1976047904191618,0.7407407407407407,1.6666666666666667,28.74251497005988,1.1976047904191618,3340,6375,0.523921568627451
KCg-d-R-t5/uniform_s201,uniform,103,complete,,540,334,0.11454046639231824,1.7964071856287425,1.1976047904191618,0.7407407407407407,6.296296296296297,28.74251497005988,0.0,3340,6247,0.5346566351848887
KCg-d-R-t5/uniform_s201,uniform,107,complete,,540,334,0.11454046639231824,1.4970059880239521,0.8982035928143712,0.7407407407407407,5.555555555555555,28.74251497005988,0.5988023952095809,3340,6287,0.5312549705742007
KCg-d-R-t5/stratified_s201,stratified,101,complete,,540,950,0.32578875171467764,7.052631578947369,1.789473684210526,3.3333333333333335,12.777777777777779,11.368421052631579,0.42105263157894735,9500,12817,0.7412030896465631
KCg-d-R-t5/stratified_s201,stratified,103,complete,,540,950,0.32578875171467764,7.684210526315789,2.4210526315789473,3.3333333333333335,11.296296296296296,11.368421052631579,1.263157894736842,9500,12812,0.7414923509210115
KCg-d-R-t5/stratified_s201,stratified,107,complete,,540,950,0.32578875171467764,6.421052631578947,1.8947368421052633,3.3333333333333335,8.88888888888889,11.368421052631579,0.21052631578947367,9500,12693,0.7484440242653431
KCg-d-R-t5/uniform_s203,uniform,101,complete,,540,314,0.10768175582990398,2.229299363057325,1.2738853503184715,0.9259259259259259,2.962962962962963,29.29936305732484,0.0,3140,6209,0.5057175068449026
KCg-d-R-t5/uniform_s203,uniform,103,complete,,540,314,0.10768175582990398,2.229299363057325,0.9554140127388535,0.9259259259259259,2.2222222222222223,29.29936305732484,0.0,3140,6172,0.508749189889825
KCg-d-R-t5/uniform_s203,uniform,107,complete,,540,314,0.10768175582990398,3.1847133757961785,1.2738853503184715,0.9259259259259259,5.37037037037037,29.29936305732484,0.0,3140,6287,0.49944329568951806
KCg-d-R-t5/stratified_s203,stratified,101,complete,,540,1053,0.3611111111111111,7.88224121557455,2.4691358024691357,6.481481481481482,16.48148148148148,12.535612535612536,0.7597340930674265,10530,15254,0.6903107381670381
KCg-d-R-t5/stratified_s203,stratified,103,complete,,540,1053,0.3611111111111111,8.167141500474834,3.2288698955365627,6.481481481481482,15.0,12.535612535612536,0.0,10530,15432,0.682348367029549
KCg-d-R-t5/stratified_s203,stratified,107,complete,,540,1053,0.3611111111111111,7.88224121557455,2.849002849002849,6.481481481481482,17.77777777777778,12.535612535612536,0.0,10530,15434,0.6822599455747052
KCg-d-R-t5/uniform_s207,uniform,101,complete,,540,355,0.12174211248285323,3.3802816901408446,1.6901408450704223,3.5185185185185186,6.296296296296297,26.478873239436616,1.1267605633802817,3550,7556,0.46982530439385917
KCg-d-R-t5/uniform_s207,uniform,103,complete,,540,355,0.12174211248285323,2.535211267605634,1.1267605633802817,3.5185185185185186,6.666666666666667,26.478873239436616,2.2535211267605635,3550,7602,0.4669823730597211
KCg-d-R-t5/uniform_s207,uniform,107,complete,,540,355,0.12174211248285323,3.943661971830986,1.4084507042253522,3.5185185185185186,12.037037037037036,26.478873239436616,1.1267605633802817,3550,7504,0.47308102345415776
KCg-d-R-t5/stratified_s207,stratified,101,complete,,540,1012,0.34705075445816186,5.8300395256917,2.075098814229249,3.1481481481481484,12.222222222222221,13.254203758654798,0.0,10120,13277,0.7622203811101905
KCg-d-R-t5/stratified_s207,stratified,103,complete,,540,1012,0.34705075445816186,6.521739130434782,1.6798418972332017,3.1481481481481484,15.185185185185185,13.254203758654798,0.5934718100890208,10120,13363,0.7573149741824441
KCg-d-R-t5/stratified_s207,stratified,107,complete,,540,1012,0.34705075445816186,8.300395256916996,2.272727272727273,3.1481481481481484,13.333333333333334,13.254203758654798,0.3956478733926805,10120,13428,0.7536490914507
KCg-m-L-t1/candidate,candidate,101,complete,,1385,207081,10.795448917619153,33.11989028447805,2.0977298738174914,75.81227436823104,75.81227436823104,48.29171475620415,21.920136759401,2070810,5005429,0.41371279065191013
KCg-m-L-t1/candidate,candidate,103,complete,,1385,207081,10.795448917619153,33.21598794674548,2.140225322458362,75.81227436823104,75.81227436823104,48.29171475620415,21.770435437683204,2070810,5005276,0.41372543691896313
KCg-m-L-t1/candidate,candidate,107,complete,,1385,207081,10.795448917619153,33.18604797156668,2.130567265949073,75.81227436823104,75.81227436823104,48.29171475620415,21.875709270375072,2070810,5007764,0.4135198863205215
KCg-m-L-t1/contact_ranked,contact_ranked,101,complete,,1385,101248,5.2782129312254815,10.818979140328699,0.2419800884955752,92.92418772563177,92.92418772563177,46.26796385006667,7.243814509358487,1012480,2527431,0.40059649501806377
KCg-m-L-t1/contact_ranked,contact_ranked,103,complete,,1385,101248,5.2782129312254815,10.737989886219975,0.19358407079646017,92.92418772563177,92.92418772563177,46.26796385006667,7.318879944688626,1012480,2524621,0.4010423742811297
KCg-m-L-t1/contact_ranked,contact_ranked,107,complete,,1385,101248,5.2782129312254815,10.789348925410874,0.230128002528445,92.92418772563177,92.92418772563177,46.26796385006667,7.425551879105141,1012480,2524432,0.4010723996526743
KCg-m-L-t1/uniform_s201,uniform,101,complete,,1385,2290,0.11938119876448279,1.1353711790393013,0.43668122270742354,30.469314079422382,45.34296028880866,29.44517256443862,0.2621231979030144,22900,45313,0.5053737338070753
KCg-m-L-t1/uniform_s201,uniform,103,complete,,1385,2290,0.11938119876448279,0.8296943231441047,0.21834061135371177,30.469314079422382,43.03249097472924,29.44517256443862,0.6116207951070336,22900,45637,0.5017858316716699
KCg-m-L-t1/uniform_s201,uniform,107,complete,,1385,2290,0.11938119876448279,1.0043668122270744,0.34934497816593885,30.469314079422382,46.64259927797834,29.44517256443862,0.2621231979030144,22900,45219,0.5064242906742741
KCg-m-L-t1/stratified_s201,stratified,101,complete,,1385,14488,0.7552815754147715,5.501104362230811,1.6565433462175594,69.02527075812274,71.26353790613719,28.218402705874233,1.4495754814661421,144880,183047,0.7914907100362202
KCg-m-L-t1/stratified_s201,stratified,103,complete,,1385,14488,0.7552815754147715,5.024848150193264,1.5875207067918278,69.02527075812274,71.33574007220217,28.218402705874233,1.352937116035066,144880,182929,0.7920012682516168
KCg-m-L-t1/stratified_s201,stratified,107,complete,,1385,14488,0.7552815754147715,4.6935394809497515,1.4287686361126448,69.02527075812274,70.83032490974729,28.218402705874233,1.5876302892248222,144880,182993,0.7917242736060942
KCg-m-L-t1/uniform_s203,uniform,101,complete,,1385,2146,0.11187425875483846,1.3979496738117427,0.5125815470643057,25.342960288808666,38.772563176895304,29.263746505125816,0.09319664492078285,21460,42534,0.5045375464334415
KCg-m-L-t1/uniform_s203,uniform,103,complete,,1385,2146,0.11187425875483846,1.1183597390493942,0.3727865796831314,25.342960288808666,40.144404332129966,29.263746505125816,0.1863932898415657,21460,42427,0.50580997949419
KCg-m-L-t1/uniform_s203,uniform,107,complete,,1385,2146,0.11187425875483846,1.3513513513513513,0.32618825722274,25.342960288808666,40.505415162454874,29.263746505125816,0.3727865796831314,21460,42628,0.5034249788871165
KCg-m-L-t1/stratified_s203,stratified,101,complete,,1385,15139,0.7892192000417052,6.116652354845102,1.5654930972983685,70.03610108303249,70.97472924187726,27.678689390936718,1.4532963403355792,151390,192718,0.7855519463672309
KCg-m-L-t1/stratified_s203,stratified,103,complete,,1385,15139,0.7892192000417052,6.460136072395799,1.4333839751634851,70.03610108303249,71.33574007220217,27.678689390936718,1.3079667063020213,151390,192738,0.7854704313627826
KCg-m-L-t1/stratified_s203,stratified,107,complete,,1385,15139,0.7892192000417052,6.354448774687891,1.39375123852302,70.03610108303249,71.04693140794224,27.678689390936718,1.5193552648962876,151390,192658,0.7857965929263254
KCg-m-L-t1/uniform_s207,uniform,101,complete,,1385,2229,0.1162011755659529,1.4356213548676535,0.5383580080753702,30.974729241877256,41.01083032490975,28.276481149012568,0.3590664272890485,22290,43603,0.5112033575671399
KCg-m-L-t1/uniform_s207,uniform,103,complete,,1385,2229,0.1162011755659529,1.570210856886496,0.5832211754149843,30.974729241877256,38.55595667870036,28.276481149012568,0.3590664272890485,22290,43551,0.5118137356203072
KCg-m-L-t1/uniform_s207,uniform,107,complete,,1385,2229,0.1162011755659529,1.3458950201884252,0.7178106774338268,30.974729241877256,39.35018050541516,28.276481149012568,0.8976660682226212,22290,43405,0.513535306992282
KCg-m-L-t1/stratified_s207,stratified,101,complete,,1385,14351,0.7481395561000403,4.926485959166609,1.3169813950247369,68.8086642599278,70.46931407942239,27.370914918820986,1.3100132394955055,143510,180338,0.7957834732557753
KCg-m-L-t1/stratified_s207,stratified,103,complete,,1385,14351,0.7481395561000403,4.863772559403526,1.4633126611385965,68.8086642599278,70.68592057761732,27.370914918820986,1.4075674169047452,143510,180406,0.7954835205037526
KCg-m-L-t1/stratified_s207,stratified,107,complete,,1385,14351,0.7481395561000403,5.253989269040485,1.470280816667828,68.8086642599278,70.7581227436823,27.370914918820986,1.435440039021671,143510,180708,0.7941541049649158
KCg-m-L-t5/candidate,candidate,101,complete,,1202,195007,13.497124869532476,35.21360771664607,2.5942658468670357,72.54575707154743,72.46256239600666,49.33181543132007,23.8669579397557,1950070,4700019,0.4149068333553545
KCg-m-L-t5/candidate,candidate,103,complete,,1202,195007,13.497124869532476,35.33719302384017,2.5691385437445833,72.54575707154743,72.54575707154743,49.33181543132007,24.173615170815257,1950070,4691851,0.41562914082309943
KCg-m-L-t5/candidate,candidate,107,complete,,1202,195007,13.497124869532476,35.25104227027748,2.5660617311173444,72.54575707154743,72.54575707154743,49.33181543132007,23.998235951714307,1950070,4697225,0.4151536279399007
KCg-m-L-t5/contact_ranked,contact_ranked,101,complete,,1202,79309,5.489256674261699,11.264799707473301,0.2761351170737243,92.09650582362728,92.09650582362728,47.138930219655514,7.512672433359392,793090,1997218,0.39709736243114174
KCg-m-L-t5/contact_ranked,contact_ranked,103,complete,,1202,79309,5.489256674261699,11.114753684953788,0.24335195248962915,92.09650582362728,92.09650582362728,47.138930219655514,7.457191133079465,793090,1995863,0.3973669535434045
KCg-m-L-t5/contact_ranked,contact_ranked,107,complete,,1202,79309,5.489256674261699,11.235799215725832,0.2723524442370979,92.09650582362728,92.09650582362728,47.138930219655514,7.530325574357552,793090,2001600,0.39622801758593124
KCg-m-L-t5/uniform_s201,uniform,101,complete,,1202,1694,0.11724773740936487,1.5348288075560803,0.8264462809917356,27.62063227953411,37.93677204658902,27.390791027154666,0.7083825265643447,16940,33678,0.5029989904388622
KCg-m-L-t5/uniform_s201,uniform,103,complete,,1202,1694,0.11724773740936487,1.7119244391971666,0.9445100354191263,27.62063227953411,35.19134775374376,27.390791027154666,0.5903187721369539,16940,33536,0.5051288167938931
KCg-m-L-t5/uniform_s201,uniform,107,complete,,1202,1694,0.11724773740936487,1.1216056670602124,0.7083825265643447,27.62063227953411,35.27454242928452,27.390791027154666,0.3541912632821724,16940,33889,0.4998672135501195
KCg-m-L-t5/stratified_s201,stratified,101,complete,,1202,10952,0.7580266942782551,4.647552958363769,1.141344046749452,66.63893510815308,67.97004991680532,23.904309715120526,1.3148283418553688,109520,120376,0.9098159101482023
KCg-m-L-t5/stratified_s201,stratified,103,complete,,1202,10952,0.7580266942782551,4.629291453615778,1.1322132943754566,66.63893510815308,68.13643926788686,23.904309715120526,1.1869978086194304,109520,120600,0.9081260364842454
KCg-m-L-t5/stratified_s201,stratified,107,complete,,1202,10952,0.7580266942782551,4.720598977355734,1.095690284879474,66.63893510815308,68.30282861896839,23.904309715120526,1.2783053323593865,109520,120402,0.909619441537516
KCg-m-L-t5/uniform_s203,uniform,101,complete,,1202,1480,0.10243603976733176,1.0135135135135136,0.33783783783783783,8.319467554076539,30.033277870216306,26.351351351351347,0.40540540540540543,14800,28629,0.5169583289671312
KCg-m-L-t5/uniform_s203,uniform,103,complete,,1202,1480,0.10243603976733176,0.8108108108108109,0.40540540540540543,8.319467554076539,29.284525790349416,26.351351351351347,0.40540540540540543,14800,28626,0.5170125061133235
KCg-m-L-t5/uniform_s203,uniform,107,complete,,1202,1480,0.10243603976733176,1.1486486486486487,0.2702702702702703,8.319467554076539,30.366056572379367,26.351351351351347,0.2702702702702703,14800,28969,0.5108909523973904
KCg-m-L-t5/stratified_s203,stratified,101,complete,,1202,11759,0.8138820213676042,6.624712985798112,1.301131048558551,64.72545757071548,67.38768718801997,25.138192023131218,1.3436516710604645,117590,132166,0.8897144500098361
KCg-m-L-t5/stratified_s203,stratified,103,complete,,1202,11759,0.8138820213676042,5.9869036482694105,1.028999064546305,64.72545757071548,66.72212978369384,25.138192023131218,1.3946764180627604,117590,132137,0.8899097149170936
KCg-m-L-t5/stratified_s203,stratified,107,complete,,1202,11759,0.8138820213676042,6.2845480057828045,1.1735691810528106,64.72545757071548,67.47088186356073,25.138192023131218,1.4967259120673526,117590,132260,0.8890821109934977
KCg-m-L-t5/uniform_s207,uniform,101,complete,,1202,1648,0.11406391455173158,1.5776699029126213,0.6067961165048543,14.059900166389351,34.359400998336106,28.640776699029125,0.24271844660194172,16480,31565,0.5220972596230001
KCg-m-L-t5/uniform_s207,uniform,103,complete,,1202,1648,0.11406391455173158,1.3349514563106795,0.5461165048543689,14.059900166389351,37.10482529118136,28.640776699029125,0.7281553398058253,16480,31642,0.5208267492573162
KCg-m-L-t5/uniform_s207,uniform,107,complete,,1202,1648,0.11406391455173158,1.3349514563106795,0.6067961165048543,14.059900166389351,34.94176372712146,28.640776699029125,0.7281553398058253,16480,31461,0.5238231461174152
KCg-m-L-t5/stratified_s207,stratified,101,complete,,1202,11380,0.7876500895623213,4.824253075571177,1.4235500878734622,62.89517470881864,67.88685524126456,26.50496528693207,1.5115563757799455,113800,126065,0.9027089200015865
KCg-m-L-t5/stratified_s207,stratified,103,complete,,1202,11380,0.7876500895623213,4.639718804920913,1.3620386643233744,62.89517470881864,67.80366056572379,26.50496528693207,1.4588276649969243,113800,125882,0.9040212262277371
KCg-m-L-t5/stratified_s207,stratified,107,complete,,1202,11380,0.7876500895623213,4.657293497363796,1.5641476274165202,62.89517470881864,67.3044925124792,26.50496528693207,1.4939801388522715,113800,125810,0.9045385899372069
KCg-m-R-t1/candidate,candidate,101,complete,,1318,195764,11.269431543171358,34.30252753315216,2.325759588075438,74.4309559939302,74.4309559939302,49.39365147474995,23.019789336030485,1957640,4886745,0.40060203673406325
KCg-m-R-t1/candidate,candidate,103,complete,,1318,195764,11.269431543171358,34.287202958664516,2.273145215667845,74.4309559939302,74.4309559939302,49.39365147474995,22.954403816879683,1957640,4887547,0.40053630174809574
KCg-m-R-t1/candidate,candidate,107,complete,,1318,195764,11.269431543171358,34.22743711816268,2.2864265135571404,74.4309559939302,74.4309559939302,49.39365147474995,23.147495428121903,1957640,4891791,0.40018880610394025
KCg-m-R-t1/contact_ranked,contact_ranked,101,complete,,1318,93365,5.374688277866174,10.86595619343437,0.22171049108338242,92.64036418816389,92.64036418816389,46.58640560399306,7.5791007047835315,933650,2341230,0.3987861081568235
KCg-m-R-t1/contact_ranked,contact_ranked,103,complete,,1318,93365,5.374688277866174,10.931291169067638,0.22599475178064587,92.64036418816389,92.64036418816389,46.58640560399306,7.236348835714745,933650,2339891,0.39901431305988183
KCg-m-R-t1/contact_ranked,contact_ranked,107,complete,,1318,93365,5.374688277866174,10.80918973919563,0.21635516521180315,92.64036418816389,92.64036418816389,46.58640560399306,7.337032197253701,933650,2339018,0.39916323858986974
KCg-m-R-t1/uniform_s201,uniform,101,complete,,1318,2129,0.12255889619854426,1.5030530765617662,0.2818224518553311,32.47344461305008,42.26100151745068,28.933771723813994,0.9394081728511038,21290,41378,0.5145246266131761
KCg-m-R-t1/uniform_s201,uniform,103,complete,,1318,2129,0.12255889619854426,1.0333489901362143,0.4697040864255519,32.47344461305008,42.18512898330804,28.933771723813994,0.9394081728511038,21290,41843,0.5088067299189829
KCg-m-R-t1/uniform_s201,uniform,107,complete,,1318,2129,0.12255889619854426,1.6439643024894317,0.7515265382808831,32.47344461305008,41.42640364188164,28.933771723813994,0.4697040864255519,21290,41779,0.5095861557241677
KCg-m-R-t1/stratified_s201,stratified,101,complete,,1318,12810,0.737425768108667,5.378610460577674,1.4676034348165496,69.3474962063733,70.4855842185129,26.309626044187677,1.3428058396440004,128100,164604,0.7782313917037254
KCg-m-R-t1/stratified_s201,stratified,103,complete,,1318,12810,0.737425768108667,5.238095238095238,1.358313817330211,69.3474962063733,70.63732928679818,26.309626044187677,1.3584198610352096,128100,163989,0.7811499551799206
KCg-m-R-t1/stratified_s201,stratified,107,complete,,1318,12810,0.737425768108667,4.918032786885246,1.444184231069477,69.3474962063733,70.71320182094082,26.309626044187677,1.483332032164884,128100,164083,0.7807024493701359
KCg-m-R-t1/uniform_s203,uniform,101,complete,,1318,1998,0.11501769591577804,1.6516516516516515,0.2502502502502503,28.603945371775417,38.998482549317146,28.22822822822823,0.10010010010010009,19980,39324,0.5080866646322856
KCg-m-R-t1/uniform_s203,uniform,103,complete,,1318,1998,0.11501769591577804,1.001001001001001,0.3003003003003003,28.603945371775417,40.13657056145675,28.22822822822823,0.20020020020020018,19980,39207,0.5096028770372637
KCg-m-R-t1/uniform_s203,uniform,107,complete,,1318,1998,0.11501769591577804,1.2012012012012012,0.7007007007007007,28.603945371775417,38.998482549317146,28.22822822822823,0.40040040040040037,19980,39309,0.5082805464397466
KCg-m-R-t1/stratified_s203,stratified,101,complete,,1318,12326,0.7095636235524925,3.9672237546649356,1.4684406944669803,68.81638846737481,70.25796661608497,24.75046660715735,1.201006248478455,123260,155251,0.7939401356513002
KCg-m-R-t1/stratified_s203,stratified,103,complete,,1318,12326,0.7095636235524925,3.8617556384877494,1.298069122180756,68.81638846737481,70.03034901365706,24.75046660715735,1.3146149476588493,123260,155197,0.7942163830486414
KCg-m-R-t1/stratified_s203,stratified,107,complete,,1318,12326,0.7095636235524925,3.926659094596787,1.4522148304397209,68.81638846737481,69.87860394537178,24.75046660715735,1.3633043901647326,123260,154984,0.7953079027512517
KCg-m-R-t1/uniform_s207,uniform,101,complete,,1318,1985,0.11426933252893863,1.5113350125944585,0.5541561712846348,29.21092564491654,37.4051593323217,24.68513853904282,0.0,19850,39434,0.5033727240452401
KCg-m-R-t1/uniform_s207,uniform,103,complete,,1318,1985,0.11426933252893863,1.3602015113350125,0.4534005037783375,29.21092564491654,38.998482549317146,24.68513853904282,0.8060453400503778,19850,40181,0.49401458400736664
KCg-m-R-t1/uniform_s207,uniform,107,complete,,1318,1985,0.11426933252893863,1.6120906801007555,0.6045340050377833,29.21092564491654,36.19119878603945,24.68513853904282,0.5037783375314862,19850,39886,0.49766835481121197
KCg-m-R-t1/stratified_s207,stratified,101,complete,,1318,13485,0.7762830978099433,5.116796440489433,1.275491286614757,68.13353566009104,69.27162367223065,26.553923750185433,1.5279632102062009,134850,172849,0.7801607183148297
KCg-m-R-t1/stratified_s207,stratified,103,complete,,1318,13485,0.7762830978099433,4.901742677048572,1.4757137560252132,68.13353566009104,69.42336874051594,26.553923750185433,1.260940513276962,134850,172928,0.7798043116210215
KCg-m-R-t1/stratified_s207,stratified,107,complete,,1318,13485,0.7762830978099433,5.42825361512792,1.5053763440860215,68.13353566009104,68.96813353566009,26.553923750185433,1.3796172674677347,134850,172961,0.7796555292811674
KCg-m-R-t5/candidate,candidate,101,complete,,1150,184616,13.959621928166351,36.06404645317849,2.8859903800320668,71.3913043478261,71.3913043478261,50.48046193679786,25.00893756703175,1846160,4587775,0.4024085749628088
KCg-m-R-t5/candidate,candidate,103,complete,,1150,184616,13.959621928166351,36.0992546691511,2.92878190406032,71.3913043478261,71.3913043478261,50.48046193679786,25.185522224750017,1846160,4586812,0.4024930605396515
KCg-m-R-t5/candidate,candidate,107,complete,,1150,184616,13.959621928166351,36.139879533734884,2.9190319365602115,71.3913043478261,71.30434782608695,50.48046193679786,25.206105712459507,1846160,4588537,0.4023417485791223
KCg-m-R-t5/contact_ranked,contact_ranked,101,complete,,1150,73563,5.56241965973535,11.481315335154902,0.25148512159645475,92.0,92.0,47.49048395867319,7.7868406742794996,735630,1864136,0.3946224953544162
KCg-m-R-t5/contact_ranked,contact_ranked,103,complete,,1150,73563,5.56241965973535,11.519377948153284,0.24061008931120265,92.0,92.0,47.49048395867319,7.6345840130505715,735630,1867344,0.3939445544045446
KCg-m-R-t5/contact_ranked,contact_ranked,107,complete,,1150,73563,5.56241965973535,11.492190367440152,0.24604760545382867,92.0,92.0,47.49048395867319,7.686242523110385,735630,1860394,0.3954162397857658
KCg-m-R-t5/uniform_s201,uniform,101,complete,,1150,1550,0.11720226843100189,1.3548387096774193,0.3870967741935484,24.695652173913043,34.78260869565217,28.387096774193548,0.25806451612903225,15500,30731,0.5043766880348833
KCg-m-R-t5/uniform_s201,uniform,103,complete,,1150,1550,0.11720226843100189,1.2903225806451613,0.5806451612903226,24.695652173913043,34.08695652173913,28.387096774193548,0.12903225806451613,15500,30668,0.5054128081387765
KCg-m-R-t5/uniform_s201,uniform,107,complete,,1150,1550,0.11720226843100189,1.1612903225806452,0.6451612903225806,24.695652173913043,34.17391304347826,28.387096774193548,0.25806451612903225,15500,30553,0.5073151572676987
KCg-m-R-t5/stratified_s201,stratified,101,complete,,1150,10735,0.8117202268431002,5.1606893339543545,1.3972985561248252,64.78260869565217,67.1304347826087,27.964601769911507,1.5836050302748022,107350,120859,0.8882251218361893
KCg-m-R-t5/stratified_s201,stratified,103,complete,,1150,10735,0.8117202268431002,5.458779692594318,1.3693525850023287,64.78260869565217,66.95652173913044,27.964601769911507,1.639496972519795,107350,120384,0.891729797979798
KCg-m-R-t5/stratified_s201,stratified,107,complete,,1150,10735,0.8117202268431002,5.337680484396833,1.648812296227294,64.78260869565217,67.04347826086956,27.964601769911507,1.36003726129483,107350,120559,0.8904353884819881
KCg-m-R-t5/uniform_s203,uniform,101,complete,,1150,1526,0.1153875236294896,1.6382699868938402,0.655307994757536,14.782608695652174,31.391304347826086,27.916120576671034,0.655307994757536,15260,29823,0.5116856117761459
KCg-m-R-t5/uniform_s203,uniform,103,complete,,1150,1526,0.1153875236294896,1.5727391874180863,0.39318479685452157,14.782608695652174,31.391304347826086,27.916120576671034,0.39318479685452157,15260,30365,0.5025522805862013
KCg-m-R-t5/uniform_s203,uniform,107,complete,,1150,1526,0.1153875236294896,1.507208387942333,0.8519003931847969,14.782608695652174,33.82608695652174,27.916120576671034,0.655307994757536,15260,30128,0.5065055762081785
KCg-m-R-t5/stratified_s203,stratified,101,complete,,1150,10208,0.7718714555765596,4.653213166144201,1.6751567398119123,62.17391304347826,67.3913043478261,25.411442006269592,1.5478056426332287,102080,113675,0.8979986804486475
KCg-m-R-t5/stratified_s203,stratified,103,complete,,1150,10208,0.7718714555765596,4.7805642633228835,1.7045454545454544,62.17391304347826,67.04347826086956,25.411442006269592,1.2147335423197492,102080,113628,0.898370120040835
KCg-m-R-t5/stratified_s203,stratified,107,complete,,1150,10208,0.7718714555765596,4.3299373040752345,1.5184169278996864,62.17391304347826,67.21739130434783,25.411442006269592,1.2735109717868338,102080,113642,0.8982594463314619
KCg-m-R-t5/uniform_s207,uniform,101,complete,,1150,1496,0.11311909262759924,1.2032085561497325,0.53475935828877,24.17391304347826,31.043478260869566,26.737967914438503,0.53475935828877,14960,30239,0.4947253546744271
KCg-m-R-t5/uniform_s207,uniform,103,complete,,1150,1496,0.11311909262759924,1.4037433155080214,0.53475935828877,24.17391304347826,30.17391304347826,26.737967914438503,0.1336898395721925,14960,30027,0.49821827022346554
KCg-m-R-t5/uniform_s207,uniform,107,complete,,1150,1496,0.11311909262759924,1.1363636363636365,0.4010695187165776,24.17391304347826,31.391304347826086,26.737967914438503,0.53475935828877,14960,29922,0.49996657977407927
KCg-m-R-t5/stratified_s207,stratified,101,complete,,1150,10517,0.7952362948960302,5.971284586859371,1.7115146905010936,66.26086956521739,67.3913043478261,25.159265950366073,1.4833127317676145,105170,119737,0.8783416988900674
KCg-m-R-t5/stratified_s207,stratified,103,complete,,1150,10517,0.7952362948960302,5.8476751925454025,1.4452790719787012,66.26086956521739,67.3913043478261,25.159265950366073,1.5783968812398974,105170,119557,0.8796640932776835
KCg-m-R-t5/stratified_s207,stratified,107,complete,,1150,10517,0.7952362948960302,5.895217267281544,1.530854806503756,66.26086956521739,67.65217391304348,25.159265950366073,1.5403632214509841,105170,119584,0.8794654803318169
