type,minimum_contacts_per_edge,kenyon_cells,with_alpn_input,with_mbon_output,with_both,without_either
KC,1,2,2,1,1,0
KC,5,2,2,0,0,0
KCa'b'-ap1,1,199,198,199,198,0
KCa'b'-ap1,5,199,198,199,198,0
KCa'b'-ap2,1,291,291,291,291,0
KCa'b'-ap2,5,291,291,291,291,0
KCa'b'-m,1,205,205,205,205,0
KCa'b'-m,5,205,205,205,205,0
KCab-c,1,488,487,488,487,0
KCab-c,5,488,487,459,458,0
KCab-m,1,536,535,536,535,0
KCab-m,5,536,535,525,524,0
KCab-p,1,129,59,129,59,0
KCab-p,5,129,34,129,34,0
KCab-s,1,657,657,657,657,0
KCab-s,5,657,656,657,656,0
KCg,1,1,1,1,1,0
KCg,5,1,0,1,0,0
KCg-d,1,206,33,206,33,0
KCg-d,5,206,18,206,18,0
KCg-m,1,1342,1336,1342,1336,0
KCg-m,5,1342,1336,1342,1336,0
KCg-s1,1,2,2,2,2,0
KCg-s1,5,2,0,2,0,0
KCg-s2,1,2,2,2,2,0
KCg-s2,5,2,2,2,2,0
KCg-s3,1,2,2,2,2,0
KCg-s3,5,2,2,2,2,0
KCg-s4,1,2,2,2,2,0
KCg-s4,5,2,2,2,2,0
