body_id,runtime_type,publisher_type,runtime_superclass,curated_class,curated_subclass,instance,hemibrain_type,runtime_side,soma_side,root_side,runtime_nt,predicted_nt,predicted_nt_confidence,ground_truth,celltype_predicted_nt,consensus_nt,fast_sign,annotation_present,transmitter_present
16825,,,ENS,,,,,,,,nan,,,,,,0,True,False
17772,,,ENS,,,,,,,,nan,,,,,,0,True,False
18492,,,sensory_ascending,unknown_sensory,abdomen,,,R,,R,nan,,,,,,0,True,False
21178,,,ENS,,,,,,,,nan,,,,,,0,True,False
39654,,,ENS,,,,,,,,nan,,,,,,0,True,False
43034,MeTu1,MeTu1,visual_projection,,,MeTu1_L,"MC61,MC64",L,L,,nan,,,,,,0,True,False
45044,,,ENS,,,,,,,,nan,,,,,,0,True,False
47048,,,ENS,,,,,,,,nan,,,,,,0,True,False
54344,,,ENS,,,,,,,,nan,,,,,,0,True,False
54551,,,ENS,,,,,,,,nan,,,,,,0,True,False
75647,,,cb_intrinsic,,,,,L,L,,nan,,,,,,0,True,False
75860,,,ol_intrinsic,,,,,R,R,,nan,,,,,,0,True,False
85344,,,ENS,,,,,,,,nan,,,,,,0,True,False
90197,,,cb_sensory,unknown_sensory,,,,R,,R,nan,,,,,,0,True,False
93135,,,ENS,,,,,,,,nan,,,,,,0,True,False
101479,,,ENS,,,,,,,,nan,,,,,,0,True,False
115217,,,ENS,,,,,,,,nan,,,,,,0,True,False
115706,,,ENS,,,,,,,,nan,,,,,,0,True,False
120344,T2a,T2a,ol_intrinsic,,,T2a_L,,L,L,,nan,,,,,,0,True,False
121570,,,ENS,,,,,,,,nan,,,,,,0,True,False
131605,,,ENS,,,,,,,,nan,,,,,,0,True,False
155417,,,ENS,,,,,,,,nan,,,,,,0,True,False
182369,,,ENS,,,,,,,,nan,,,,,,0,True,False
202412,,,ENS,,,,,,,,nan,,,,,,0,True,False
210305,JO-B-unclear,JO-B-unclear,cb_sensory,mechanosensory,auditory,JO-B-unclear_R,,R,,R,nan,,,,,,0,True,False
214264,JO-A-unclear,JO-A-unclear,cb_sensory,mechanosensory,auditory,JO-A-unclear_R,,R,,R,nan,,,,,,0,True,False
227083,,,ENS,,,,,,,,nan,,,,,,0,True,False
234152,,,ENS,,,,,,,,nan,,,,,,0,True,False
255964,JO-unclear,JO-unclear,cb_sensory,mechanosensory,wind_gravity,JO-unclear_R,,R,,R,nan,,,,,,0,True,False
263064,,,ENS,,,,,,,,nan,,,,,,0,True,False
265785,,,ENS,,,,,,,,nan,,,,,,0,True,False
301305,JO-unclear,JO-unclear,cb_sensory,mechanosensory,wind_gravity,JO-unclear_R,,R,,R,nan,,,,,,0,True,False
321241,JO-unclear,JO-unclear,cb_sensory,mechanosensory,wind_gravity,JO-unclear_R,,R,,R,nan,,,,,,0,True,False
357948,,,ENS,,,,,,,,nan,,,,,,0,True,False
372814,,,ENS,,,,,,,,nan,,,,,,0,True,False
377394,JO-unclear,JO-unclear,cb_sensory,mechanosensory,wind_gravity,JO-unclear_R,,R,,R,nan,,,,,,0,True,False
378122,JO-B-unclear,JO-B-unclear,cb_sensory,mechanosensory,auditory,JO-B-unclear_L,,L,,L,nan,,,,,,0,True,False
409611,,,ENS,,,,,,,,nan,,,,,,0,True,False
409723,,,ENS,,,,,,,,nan,,,,,,0,True,False
415959,JO-unclear,JO-unclear,cb_sensory,mechanosensory,wind_gravity,JO-unclear_R,,R,,R,nan,,,,,,0,True,False
416540,,,ENS,,,,,,,,nan,,,,,,0,True,False
439338,JO-unclear,JO-unclear,cb_sensory,mechanosensory,wind_gravity,JO-unclear_R,,R,,R,nan,,,,,,0,True,False
453447,JO-unclear,JO-unclear,cb_sensory,mechanosensory,wind_gravity,JO-unclear_R,,R,,R,nan,,,,,,0,True,False
470711,,,cb_sensory_tbc,,,,,L,,L,nan,,,,,,0,True,False
520423,,,ol_intrinsic,,,,,L,L,,nan,,,,,,0,True,False
857833,,,vnc_tbc,,,,,,,,nan,,,,,,0,True,False
887444,,,vnc_intrinsic,,,,,L,L,,nan,,,,,,0,True,False
908125,,,vnc_sensory,unknown_sensory,abdomen,,,L,,L,nan,,,,,,0,True,False
914840,,,vnc_sensory,unknown_sensory,leg,,,R,,R,nan,,,,,,0,True,False
922010,,,ENS,,,,,,,,nan,,,,,,0,True,False
953758,JO-A-unclear,JO-A-unclear,cb_sensory,mechanosensory,auditory,JO-A-unclear_R,,R,,R,nan,,,,,,0,True,False
954304,JO-unclear,JO-unclear,cb_sensory,mechanosensory,wind_gravity,JO-unclear_R,,R,,R,nan,,,,,,0,True,False
101508128,,,cb_sensory,unknown_sensory,,,,L,,L,nan,,,,,,0,True,False
102730610,JO-unclear,JO-unclear,cb_sensory,mechanosensory,wind_gravity,JO-unclear_R,,R,,R,nan,,,,,,0,True,False
102829180,JO-unclear,JO-unclear,cb_sensory,mechanosensory,wind_gravity,JO-unclear_R,,R,,R,nan,,,,,,0,True,False
115761207,,,cb_sensory_tbc,,,,,R,,R,nan,,,,,,0,True,False
117575474,,,cb_sensory,unknown_sensory,,,,L,,L,nan,,,,,,0,True,False
135713666,,,cb_sensory,unknown_sensory,,,,R,,R,nan,,,,,,0,True,False
136538886,,,cb_sensory,unknown_sensory,,,,R,,R,nan,,,,,,0,True,False
138093763,JO-B-unclear,JO-B-unclear,cb_sensory,mechanosensory,auditory,JO-B-unclear_R,,R,,R,nan,,,,,,0,True,False
165307335,JO-unclear,JO-unclear,cb_sensory,mechanosensory,wind_gravity,JO-unclear_R,,R,,R,nan,,,,,,0,True,False
169608017,,,cb_sensory,unknown_sensory,,,,L,,L,nan,,,,,,0,True,False
176574061,,,ENS,,,,,,,,nan,,,,,,0,True,False
182055376,JO-unclear,JO-unclear,cb_sensory,mechanosensory,wind_gravity,JO-unclear_R,,R,,R,nan,,,,,,0,True,False
187467801,JO-unclear,JO-unclear,cb_sensory,mechanosensory,wind_gravity,JO-unclear_R,,R,,R,nan,,,,,,0,True,False
190960183,JO-unclear,JO-unclear,cb_sensory,mechanosensory,wind_gravity,JO-unclear_R,,R,,R,nan,,,,,,0,True,False
191222213,JO-A-unclear,JO-A-unclear,cb_sensory,mechanosensory,auditory,JO-A-unclear_R,,R,,R,nan,,,,,,0,True,False
225531498,JO-A-unclear,JO-A-unclear,cb_sensory,mechanosensory,auditory,JO-A-unclear_R,,R,,R,nan,,,,,,0,True,False
229159256,JO-unclear,JO-unclear,cb_sensory,mechanosensory,wind_gravity,JO-unclear_R,,R,,R,nan,,,,,,0,True,False
237125523,JO-unclear,JO-unclear,cb_sensory,mechanosensory,wind_gravity,JO-unclear_R,,R,,R,nan,,,,,,0,True,False
261075781,,,cb_sensory,unknown_sensory,,,,L,,L,nan,,,,,,0,True,False
267864463,JO-unclear,JO-unclear,cb_sensory,mechanosensory,wind_gravity,JO-unclear_R,,R,,R,nan,,,,,,0,True,False
289189116,JO-A-unclear,JO-A-unclear,cb_sensory,mechanosensory,auditory,JO-A-unclear_R,,R,,R,nan,,,,,,0,True,False
306697215,,,cb_sensory,unknown_sensory,,,,L,,L,nan,,,,,,0,True,False
324538419,,,cb_sensory,mechanosensory,,,,R,,R,nan,,,,,,0,True,False
325721459,JO-unclear,JO-unclear,cb_sensory,mechanosensory,wind_gravity,JO-unclear_R,,R,,R,nan,,,,,,0,True,False
327013614,,,ENS,,,,,,,,nan,,,,,,0,True,False
330976005,,,cb_sensory,unknown_sensory,,,,R,,R,nan,,,,,,0,True,False
345369828,JO-unclear,JO-unclear,cb_sensory,mechanosensory,wind_gravity,JO-unclear_R,,R,,R,nan,,,,,,0,True,False
353479881,,,cb_sensory,unknown_sensory,,,,L,,L,nan,,,,,,0,True,False
357708265,,,ENS,,,,,,,,nan,,,,,,0,True,False
387136270,JO-unclear,JO-unclear,cb_sensory,mechanosensory,wind_gravity,JO-unclear_R,,R,,R,nan,,,,,,0,True,False
388907605,,,cb_sensory,unknown_sensory,,,,L,,L,nan,,,,,,0,True,False
407382048,JO-unclear,JO-unclear,cb_sensory,mechanosensory,wind_gravity,JO-unclear_R,,R,,R,nan,,,,,,0,True,False
428888752,JO-A-unclear,JO-A-unclear,cb_sensory,mechanosensory,auditory,JO-A-unclear_R,,R,,R,nan,,,,,,0,True,False
433689529,JO-A-unclear,JO-A-unclear,cb_sensory,mechanosensory,auditory,JO-A-unclear_R,,R,,R,nan,,,,,,0,True,False
445096818,JO-B-unclear,JO-B-unclear,cb_sensory,mechanosensory,auditory,JO-B-unclear_R,,R,,R,nan,,,,,,0,True,False
472558513,,,cb_sensory,unknown_sensory,,,,L,,L,nan,,,,,,0,True,False
482981517,JO-unclear,JO-unclear,cb_sensory,mechanosensory,wind_gravity,JO-unclear_R,,R,,R,nan,,,,,,0,True,False
493489162,,,cb_sensory,unknown_sensory,,,,R,,R,nan,,,,,,0,True,False
519802170,,,ENS,,,,,,,,nan,,,,,,0,True,False
528648152,JO-unclear,JO-unclear,cb_sensory,mechanosensory,wind_gravity,JO-unclear_R,,R,,R,nan,,,,,,0,True,False
530947813,,,ENS,,,,,,,,nan,,,,,,0,True,False
535319434,,,cb_sensory,unknown_sensory,,,,R,,R,nan,,,,,,0,True,False
545758258,JO-A-unclear,JO-A-unclear,cb_sensory,mechanosensory,auditory,JO-A-unclear_R,,R,,R,nan,,,,,,0,True,False
550485938,JO-A-unclear,JO-A-unclear,cb_sensory,mechanosensory,auditory,JO-A-unclear_R,,R,,R,nan,,,,,,0,True,False
574443245,,,cb_sensory,unknown_sensory,,,,R,,R,nan,,,,,,0,True,False
595981074,JO-A-unclear,JO-A-unclear,cb_sensory,mechanosensory,auditory,JO-A-unclear_R,,R,,R,nan,,,,,,0,True,False
597576660,,,ENS,,,,,,,,nan,,,,,,0,True,False
608346676,JO-unclear,JO-unclear,cb_sensory,mechanosensory,wind_gravity,JO-unclear_R,,R,,R,nan,,,,,,0,True,False
634015490,JO-A-unclear,JO-A-unclear,cb_sensory,mechanosensory,auditory,JO-A-unclear_R,,R,,R,nan,,,,,,0,True,False
635361007,JO-unclear,JO-unclear,cb_sensory,mechanosensory,wind_gravity,JO-unclear_R,,R,,R,nan,,,,,,0,True,False
661082297,,,cb_sensory,unknown_sensory,,,,R,,R,nan,,,,,,0,True,False
665341618,JO-A-unclear,JO-A-unclear,cb_sensory,mechanosensory,auditory,JO-A-unclear_R,,R,,R,nan,,,,,,0,True,False
665470094,,,cb_sensory_tbc,,,,,R,,R,nan,,,,,,0,True,False
675422459,JO-unclear,JO-unclear,cb_sensory,mechanosensory,wind_gravity,JO-unclear_R,,R,,R,nan,,,,,,0,True,False
686936509,,,cb_sensory,unknown_sensory,,,,R,,R,nan,,,,,,0,True,False
696659928,JO-A-unclear,JO-A-unclear,cb_sensory,mechanosensory,auditory,JO-A-unclear_R,,R,,R,nan,,,,,,0,True,False
698835546,JO-A-unclear,JO-A-unclear,cb_sensory,mechanosensory,auditory,JO-A-unclear_R,,R,,R,nan,,,,,,0,True,False
707083084,,,cb_sensory,unknown_sensory,,,,L,,L,nan,,,,,,0,True,False
710268570,JO-unclear,JO-unclear,cb_sensory,mechanosensory,wind_gravity,JO-unclear_R,,R,,R,nan,,,,,,0,True,False
747828494,,,ENS,,,,,,,,nan,,,,,,0,True,False
776770294,,,cb_sensory,,,,,R,,R,nan,,,,,,0,True,False
785169039,JO-unclear,JO-unclear,cb_sensory,mechanosensory,wind_gravity,JO-unclear_R,,R,,R,nan,,,,,,0,True,False
787378605,,,ENS,,,,,,,,nan,,,,,,0,True,False
795685695,,,cb_sensory,unknown_sensory,,,,R,,R,nan,,,,,,0,True,False
796118345,,,cb_sensory,unknown_sensory,,,,R,,R,nan,,,,,,0,True,False
840250886,,,cb_sensory,unknown_sensory,,,,R,,R,nan,,,,,,0,True,False
852693854,JO-unclear,JO-unclear,cb_sensory,mechanosensory,wind_gravity,JO-unclear_R,,R,,R,nan,,,,,,0,True,False
864498748,,,ENS,,,,,,,,nan,,,,,,0,True,False
865642428,JO-unclear,JO-unclear,cb_sensory,mechanosensory,wind_gravity,JO-unclear_R,,R,,R,nan,,,,,,0,True,False
866990190,,,cb_sensory,mechanosensory,,,,R,,R,nan,,,,,,0,True,False
871118340,JO-unclear,JO-unclear,cb_sensory,mechanosensory,wind_gravity,JO-unclear_R,,R,,R,nan,,,,,,0,True,False
893816063,JO-unclear,JO-unclear,cb_sensory,mechanosensory,wind_gravity,JO-unclear_R,,R,,R,nan,,,,,,0,True,False
894980518,,,cb_sensory,unknown_sensory,,,,R,,R,nan,,,,,,0,True,False
933869224,JO-unclear,JO-unclear,cb_sensory,mechanosensory,wind_gravity,JO-unclear_R,,R,,R,nan,,,,,,0,True,False
939224751,JO-A-unclear,JO-A-unclear,cb_sensory,mechanosensory,auditory,JO-A-unclear_R,,R,,R,nan,,,,,,0,True,False
940091388,,,cb_sensory,unknown_sensory,,,,R,,R,nan,,,,,,0,True,False
963561242,JO-A-unclear,JO-A-unclear,cb_sensory,mechanosensory,auditory,JO-A-unclear_R,,R,,R,nan,,,,,,0,True,False
983476208,,,cb_sensory,unknown_sensory,,,,R,,R,nan,,,,,,0,True,False
986835763,JO-B-unclear,JO-B-unclear,cb_sensory,mechanosensory,auditory,JO-B-unclear_R,,R,,R,nan,,,,,,0,True,False
990942159,,,cb_sensory,unknown_sensory,,,,R,,R,nan,,,,,,0,True,False
999210425,JO-unclear,JO-unclear,cb_sensory,mechanosensory,wind_gravity,JO-unclear_R,,R,,R,nan,,,,,,0,True,False
1001037799,JO-A-unclear,JO-A-unclear,cb_sensory,mechanosensory,auditory,JO-A-unclear_R,,R,,R,nan,,,,,,0,True,False
1002939892,,,cb_sensory,unknown_sensory,,,,R,,R,nan,,,,,,0,True,False
1006889022,,,cb_sensory,unknown_sensory,,,,R,,R,nan,,,,,,0,True,False
1018999243,JO-A-unclear,JO-A-unclear,cb_sensory,mechanosensory,auditory,JO-A-unclear_R,,R,,R,nan,,,,,,0,True,False
1026240572,JO-B-unclear,JO-B-unclear,cb_sensory,mechanosensory,auditory,JO-B-unclear_R,,R,,R,nan,,,,,,0,True,False
1050223647,,,vnc_sensory,unknown_sensory,abdomen,,,L,,L,nan,,,,,,0,True,False
1050340850,,,vnc_motor,,fl,,,R,R,,nan,,,,,,0,True,False
1050403721,,,vnc_sensory,unknown_sensory,leg,,,R,,R,nan,,,,,,0,True,False
1050522236,,,vnc_intrinsic,,,,,R,R,,nan,,,,,,0,True,False
1050542828,,,vnc_sensory_tbc,,,,,R,,R,nan,,,,,,0,True,False
1050814137,,,vnc_intrinsic,,,,,L,L,,nan,,,,,,0,True,False
1051898535,,,vnc_sensory,unknown_sensory,leg,,,R,,R,nan,,,,,,0,True,False
1051956076,,,vnc_sensory,unknown_sensory,abdomen,,,L,,L,nan,,,,,,0,True,False
1051956979,,,vnc_sensory,unknown_sensory,leg,,,R,,R,nan,,,,,,0,True,False
1052043704,,,vnc_sensory_tbc,,,,,R,,R,nan,,,,,,0,True,False
1052226847,,,vnc_intrinsic,,,,,L,L,,nan,,,,,,0,True,False
1052731460,,,vnc_sensory,unknown_sensory,leg,,,L,,L,nan,,,,,,0,True,False
1053074577,,,vnc_sensory,unknown_sensory,leg,,,R,,R,nan,,,,,,0,True,False
1053174360,,,vnc_sensory_tbc,,,,,R,,R,nan,,,,,,0,True,False
1053432224,,,vnc_sensory,unknown_sensory,leg,,,R,,R,nan,,,,,,0,True,False
1053877558,,,vnc_sensory_tbc,,,,,,,,nan,,,,,,0,True,False
1054797409,,,vnc_sensory,unknown_sensory,abdomen,,,L,,L,nan,,,,,,0,True,False
1056285430,,,vnc_sensory,unknown_sensory,leg,,,R,,R,nan,,,,,,0,True,False
1057177892,,,vnc_sensory,unknown_sensory,abdomen,,,L,,L,nan,,,,,,0,True,False
1060584352,,,vnc_intrinsic,,,,,R,,R,nan,,,,,,0,True,False
1061197933,,,vnc_sensory,unknown_sensory,abdomen,,,L,,L,nan,,,,,,0,True,False
1061727485,,,vnc_sensory,unknown_sensory,leg,,,R,,R,nan,,,,,,0,True,False
1062101639,,,vnc_sensory,unknown_sensory,leg,,,R,,R,nan,,,,,,0,True,False
1064803101,,,vnc_sensory,unknown_sensory,abdomen,,,L,,L,nan,,,,,,0,True,False
1065966336,,,vnc_sensory,unknown_sensory,leg,,,R,,R,nan,,,,,,0,True,False
1070041804,,,vnc_sensory_tbc,,,,,,,,nan,,,,,,0,True,False
1071809383,,,vnc_sensory,unknown_sensory,leg,,,R,,R,nan,,,,,,0,True,False
1073624626,,,vnc_sensory,unknown_sensory,abdomen,,,L,,L,nan,,,,,,0,True,False
1073750960,,,vnc_sensory_tbc,,,,,R,,R,nan,,,,,,0,True,False
1081870239,,,vnc_sensory,unknown_sensory,abdomen,,,L,,L,nan,,,,,,0,True,False
1082921466,,,vnc_sensory,unknown_sensory,abdomen,,,L,,L,nan,,,,,,0,True,False
1088046531,,,vnc_sensory,unknown_sensory,abdomen,,,R,,R,nan,,,,,,0,True,False
1092206068,,,vnc_sensory,unknown_sensory,abdomen,,,L,,L,nan,,,,,,0,True,False
1108956440,,,vnc_sensory,unknown_sensory,abdomen,,,L,,L,nan,,,,,,0,True,False
1111554233,,,vnc_sensory_tbc,,,,,R,,R,nan,,,,,,0,True,False
1117532999,,,vnc_sensory,unknown_sensory,abdomen,,,L,,L,nan,,,,,,0,True,False
1132562437,,,vnc_sensory,unknown_sensory,abdomen,,,L,,L,nan,,,,,,0,True,False
1137406009,,,vnc_sensory_tbc,,,,,R,,R,nan,,,,,,0,True,False
1177201997,,,vnc_sensory,unknown_sensory,abdomen,,,L,,L,nan,,,,,,0,True,False
1265502596,,,vnc_sensory,unknown_sensory,abdomen,,,L,,L,nan,,,,,,0,True,False
