model,pose_mode,scenario,mean_absolute_bearing_error_rad,final_absolute_bearing_error_rad,final_target_distance_mm,heading_change_rad,minimum_thorax_height_mm,minimum_thorax_up_z,descending_signal_switches
initial,live,positive,1.7710732131606184,0.6133527055525292,47.49356089850556,-5.20843028917388,0.796640668442041,0.9829014034685556,1
initial,live,negative,1.6080687904309046,1.6379604443806537,45.921036872132255,-5.041221993368571,0.796640668442041,0.9824705939418205,3
initial,live,switch,2.0436416283249104,1.492090885364084,46.519707566907606,-5.20843028917388,0.796640668442041,0.9829014034685556,1
initial,frozen,positive,1.7710732131606184,0.6133527055525292,47.49356089850556,-5.20843028917388,0.796640668442041,0.9829014034685556,1
initial,frozen,negative,1.638963029919767,1.492090885364084,46.519707566907606,-5.20843028917388,0.796640668442041,0.9829014034685556,1
initial,frozen,switch,2.0436416283249104,1.492090885364084,46.519707566907606,-5.20843028917388,0.796640668442041,0.9829014034685556,1
bptt,live,positive,0.13408965246651608,0.12536704892256711,20.626012891974792,0.5975057557743318,0.6195862231298074,0.9462500675366554,19
bptt,live,negative,0.12662588596827196,0.14308113285209068,19.76420337260437,-0.355470779798713,0.796640668442041,0.9811544171391553,16
bptt,live,switch,0.2839662937476114,0.14376547925976446,28.114063904416145,-0.6250540483378415,0.6195862231298074,0.9462500675366554,14
bptt,frozen,positive,1.6825889355142443,1.1444108761014267,46.83325639782896,5.575128126792021,0.6444533664680059,0.9462500675366554,1
bptt,frozen,negative,1.638963029919767,1.492090885364084,46.519707566907606,-5.20843028917388,0.796640668442041,0.9829014034685556,1
bptt,frozen,switch,1.7540723556914397,1.4534560831528742,54.45361765686268,0.759697475335071,0.6444533664680059,0.9462500675366554,2
reservoir,live,positive,0.13408965246651608,0.12536704892256711,20.626012891974792,0.5975057557743318,0.6195862231298074,0.9462500675366554,19
reservoir,live,negative,0.12662588596827196,0.14308113285209068,19.76420337260437,-0.355470779798713,0.796640668442041,0.9811544171391553,16
reservoir,live,switch,0.2839662937476114,0.14376547925976446,28.114063904416145,-0.6250540483378415,0.6195862231298074,0.9462500675366554,14
reservoir,frozen,positive,1.6825889355142443,1.1444108761014267,46.83325639782896,5.575128126792021,0.6444533664680059,0.9462500675366554,1
reservoir,frozen,negative,1.638963029919767,1.492090885364084,46.519707566907606,-5.20843028917388,0.796640668442041,0.9829014034685556,1
reservoir,frozen,switch,1.7540723556914397,1.4534560831528742,54.45361765686268,0.759697475335071,0.6444533664680059,0.9462500675366554,2
eligibility,live,positive,0.13408965246651608,0.12536704892256711,20.626012891974792,0.5975057557743318,0.6195862231298074,0.9462500675366554,19
eligibility,live,negative,0.12662588596827196,0.14308113285209068,19.76420337260437,-0.355470779798713,0.796640668442041,0.9811544171391553,16
eligibility,live,switch,0.2839662937476114,0.14376547925976446,28.114063904416145,-0.6250540483378415,0.6195862231298074,0.9462500675366554,14
eligibility,frozen,positive,1.6825889355142443,1.1444108761014267,46.83325639782896,5.575128126792021,0.6444533664680059,0.9462500675366554,1
eligibility,frozen,negative,1.638963029919767,1.492090885364084,46.519707566907606,-5.20843028917388,0.796640668442041,0.9829014034685556,1
eligibility,frozen,switch,1.7540723556914397,1.4534560831528742,54.45361765686268,0.759697475335071,0.6444533664680059,0.9462500675366554,2
scripted,live,positive,0.13408965246651608,0.12536704892256711,20.626012891974792,0.5975057557743318,0.6195862231298074,0.9462500675366554,19
scripted,live,negative,0.12662588596827196,0.14308113285209068,19.76420337260437,-0.355470779798713,0.796640668442041,0.9811544171391553,16
scripted,live,switch,0.2839662937476114,0.14376547925976446,28.114063904416145,-0.6250540483378415,0.6195862231298074,0.9462500675366554,14
