condition,article,nll,bytes,tokens,bits_per_byte
fixed_dynamics-s42,wikitext2-test-0000,7913.943698883057,5634,1642,2.026518872604375
fixed_dynamics-s42,wikitext2-test-0001,34337.40560913086,24487,6961,2.023049160341649
fixed_dynamics-s42,wikitext2-test-0002,16008.371612548828,12255,3484,1.8845531079666955
fixed_dynamics-s42,wikitext2-test-0003,46938.786560058594,35914,10286,1.8855698222292716
fixed_dynamics-s42,wikitext2-test-0004,14878.138442993164,10616,3109,2.0219118829470313
fixed_dynamics-s42,wikitext2-test-0005,15324.930923461914,12586,3408,1.75665039291629
fixed_dynamics-s42,wikitext2-test-0006,67425.75241088867,54510,14376,1.7845312535570752
fixed_dynamics-s42,wikitext2-test-0007,15853.685159683228,11031,3272,2.0734324140775944
fixed_dynamics-s42,wikitext2-test-0008,77776.52087402344,58522,16378,1.917361008894955
fixed_dynamics-s42,wikitext2-test-0009,12022.55746459961,9286,2541,1.867853115763563
fixed_dynamics-s42,wikitext2-test-0010,22503.315307617188,15612,4601,2.0795171277132987
fixed_dynamics-s42,wikitext2-test-0011,75769.03103637695,45837,14053,2.3847896967328355
fixed_dynamics-s42,wikitext2-test-0012,7196.111923217773,4997,1486,2.0776055603978834
fixed_dynamics-s42,wikitext2-test-0013,16555.15232849121,12445,3492,1.9191672290458532
fixed_dynamics-s42,wikitext2-test-0014,3029.2295532226562,2372,647,1.8424344241773256
fixed_dynamics-s42,wikitext2-test-0015,10411.136415481567,8588,2308,1.7489630736648527
fixed_dynamics-s42,wikitext2-test-0016,44296.712352752686,33150,9607,1.927802329984953
fixed_dynamics-s42,wikitext2-test-0017,7880.669891357422,5855,1597,1.9418280736369462
fixed_dynamics-s42,wikitext2-test-0018,28864.468605041504,20588,5878,2.0226649365838623
fixed_dynamics-s42,wikitext2-test-0019,26800.678680419922,19332,5528,2.0000623952358985
fixed_dynamics-s42,wikitext2-test-0020,31735.56494140625,24199,6717,1.8920096764649963
fixed_dynamics-s42,wikitext2-test-0021,8324.972717285156,7010,1799,1.7133233744312715
fixed_dynamics-s42,wikitext2-test-0022,26055.994342803955,19451,5488,1.9325923512309986
fixed_dynamics-s42,wikitext2-test-0023,69064.40741729736,57555,15760,1.731194128796279
fixed_dynamics-s42,wikitext2-test-0024,20027.297241210938,11957,3904,2.4164324171869396
fixed_dynamics-s42,wikitext2-test-0025,52227.955169677734,36949,10623,2.0392706681930544
fixed_dynamics-s42,wikitext2-test-0026,82413.86293029785,54718,16742,2.1729242909105504
fixed_dynamics-s42,wikitext2-test-0027,12332.097595214844,8315,2337,2.13968202578174
fixed_dynamics-s42,wikitext2-test-0028,32303.52409362793,23333,6751,1.9973485626843597
fixed_dynamics-s42,wikitext2-test-0029,10084.374084472656,7940,2197,1.8323270128637132
fixed_dynamics-s42,wikitext2-test-0030,40814.62545776367,32938,8782,1.7876937805469697
fixed_dynamics-s42,wikitext2-test-0031,12736.603073120117,8850,2629,2.0762750385719237
fixed_dynamics-s42,wikitext2-test-0032,63930.331787109375,46349,13275,1.9899452551651333
fixed_dynamics-s42,wikitext2-test-0033,49953.24588012695,36669,10348,1.9653467535947584
fixed_dynamics-s42,wikitext2-test-0034,11889.601989746094,8820,2464,1.9447924975907303
fixed_dynamics-s42,wikitext2-test-0035,104691.22168159485,74854,21222,2.0177613266444547
fixed_dynamics-s42,wikitext2-test-0036,30264.657470703125,23368,6521,1.8684813097905904
fixed_dynamics-s42,wikitext2-test-0037,72327.51986694336,48924,14749,2.1328295771367256
fixed_dynamics-s42,wikitext2-test-0038,81129.42360687256,58265,16833,2.0088392192193436
fixed_dynamics-s42,wikitext2-test-0039,18465.425216674805,12682,3684,2.1006132619462825
fixed_dynamics-s42,wikitext2-test-0040,8369.523620605469,5847,1685,2.065105220121524
fixed_dynamics-s42,wikitext2-test-0041,36715.10269165039,28054,7646,1.888097832001606
fixed_dynamics-s42,wikitext2-test-0042,14644.603326797485,11599,3079,1.821510181511919
fixed_dynamics-s42,wikitext2-test-0043,7728.119720458984,5451,1605,2.0453714907544267
fixed_dynamics-s42,wikitext2-test-0044,9258.901947021484,6978,1978,1.9142694071431732
fixed_dynamics-s42,wikitext2-test-0045,49596.510803222656,33341,10430,2.146085605746835
fixed_dynamics-s42,wikitext2-test-0046,9889.41357421875,6903,2081,2.0668416515754586
fixed_dynamics-s42,wikitext2-test-0047,11360.996002197266,8026,2300,2.0421695230412826
fixed_dynamics-s42,wikitext2-test-0048,20049.088150024414,14626,4152,1.9776234136733148
fixed_dynamics-s42,wikitext2-test-0049,17972.634979248047,13618,3926,1.9040263883293196
fixed_dynamics-s42,wikitext2-test-0050,8205.212188720703,5503,1676,2.1511210129218674
fixed_dynamics-s42,wikitext2-test-0051,6720.80078125,5401,1519,1.7952353189987127
fixed_dynamics-s42,wikitext2-test-0052,7642.650524139404,5387,1543,2.0467818842441723
fixed_dynamics-s42,wikitext2-test-0053,6295.680145263672,4740,1319,1.9161912499145586
fixed_dynamics-s42,wikitext2-test-0054,49195.61734008789,38763,10455,1.8309798821044785
fixed_dynamics-s42,wikitext2-test-0055,3579.4432373046875,2547,758,2.0275009845320024
fixed_dynamics-s42,wikitext2-test-0056,20675.69319152832,14985,4525,1.9905719075315058
fixed_dynamics-s42,wikitext2-test-0057,39310.82580566406,29470,8202,1.924449726606089
fixed_dynamics-s42,wikitext2-test-0058,30744.910766601562,21779,6410,2.0366192339202795
fixed_dynamics-s42,wikitext2-test-0059,25673.925018310547,17875,5213,2.072147933094921
fixed_dynamics-s43,wikitext2-test-0000,7885.430985450745,5634,1642,2.019217638974434
fixed_dynamics-s43,wikitext2-test-0001,34236.10632324219,24487,6961,2.017080933225335
fixed_dynamics-s43,wikitext2-test-0002,16088.283432006836,12255,3484,1.8939605649753026
fixed_dynamics-s43,wikitext2-test-0003,46438.57190704346,35914,10286,1.8654757864971079
fixed_dynamics-s43,wikitext2-test-0004,14890.6337890625,10616,3109,2.0236099776916077
fixed_dynamics-s43,wikitext2-test-0005,15458.86474609375,12586,3408,1.7720028211475192
fixed_dynamics-s43,wikitext2-test-0006,67864.9895324707,54510,14376,1.7961563721973381
fixed_dynamics-s43,wikitext2-test-0007,15945.606622695923,11031,3272,2.0854544101649553
fixed_dynamics-s43,wikitext2-test-0008,77011.12130737305,58522,16378,1.8984922388750467
fixed_dynamics-s43,wikitext2-test-0009,12063.539474487305,9286,2541,1.874220178269555
fixed_dynamics-s43,wikitext2-test-0010,22697.160278320312,15612,4601,2.097430218792895
fixed_dynamics-s43,wikitext2-test-0011,76363.68759155273,45837,14053,2.4035061935189304
fixed_dynamics-s43,wikitext2-test-0012,7265.845520019531,4997,1486,2.0977385030213065
fixed_dynamics-s43,wikitext2-test-0013,16692.264221191406,12445,3492,1.9350620179285751
fixed_dynamics-s43,wikitext2-test-0014,3007.839599609375,2372,647,1.829424651832163
fixed_dynamics-s43,wikitext2-test-0015,10363.635149002075,8588,2308,1.7409833529398986
fixed_dynamics-s43,wikitext2-test-0016,44598.11967277527,33150,9607,1.9409196405696953
fixed_dynamics-s43,wikitext2-test-0017,7865.492279052734,5855,1597,1.9380882502373715
fixed_dynamics-s43,wikitext2-test-0018,29167.13144683838,20588,5878,2.0438739020453793
fixed_dynamics-s43,wikitext2-test-0019,26966.997528076172,19332,5528,2.0124743224405353
fixed_dynamics-s43,wikitext2-test-0020,31553.496185302734,24199,6717,1.8811551084443605
fixed_dynamics-s43,wikitext2-test-0021,8423.998748779297,7010,1799,1.7337034549670078
fixed_dynamics-s43,wikitext2-test-0022,25855.44446182251,19451,5488,1.917717418387299
fixed_dynamics-s43,wikitext2-test-0023,68902.6908493042,57555,15760,1.7271404811431939
fixed_dynamics-s43,wikitext2-test-0024,19961.65704345703,11957,3904,2.408512471733855
fixed_dynamics-s43,wikitext2-test-0025,51707.82144165039,36949,10623,2.0189617464353846
fixed_dynamics-s43,wikitext2-test-0026,82456.59439086914,54718,16742,2.174050948797464
fixed_dynamics-s43,wikitext2-test-0027,12177.225982666016,8315,2337,2.112811008656223
fixed_dynamics-s43,wikitext2-test-0028,32319.396453857422,23333,6751,1.9983299613639247
fixed_dynamics-s43,wikitext2-test-0029,10150.019104003906,7940,2197,1.8442546884476922
fixed_dynamics-s43,wikitext2-test-0030,40940.233306884766,32938,8782,1.7931954449171115
fixed_dynamics-s43,wikitext2-test-0031,12598.853546142578,8850,2629,2.0538196081249978
fixed_dynamics-s43,wikitext2-test-0032,64695.046325683594,46349,13275,2.0137483549622535
fixed_dynamics-s43,wikitext2-test-0033,50053.128021240234,36669,10348,1.9692764890567973
fixed_dynamics-s43,wikitext2-test-0034,11825.721435546875,8820,2464,1.9343434999997495
fixed_dynamics-s43,wikitext2-test-0035,104642.36873435974,74854,21222,2.016819761668516
fixed_dynamics-s43,wikitext2-test-0036,30143.568115234375,23368,6521,1.861005487613288
fixed_dynamics-s43,wikitext2-test-0037,73521.8981628418,48924,14749,2.1680499933831094
fixed_dynamics-s43,wikitext2-test-0038,81056.35093688965,58265,16833,2.007029872637195
fixed_dynamics-s43,wikitext2-test-0039,18522.851287841797,12682,3684,2.1071460097849792
fixed_dynamics-s43,wikitext2-test-0040,8343.279571533203,5847,1685,2.0586297353516585
fixed_dynamics-s43,wikitext2-test-0041,36971.441009521484,28054,7646,1.9012801953003315
fixed_dynamics-s43,wikitext2-test-0042,14682.900188446045,11599,3079,1.8262735828725525
fixed_dynamics-s43,wikitext2-test-0043,7813.301574707031,5451,1605,2.0679162419372155
fixed_dynamics-s43,wikitext2-test-0044,9332.589111328125,6978,1978,1.9295041601558363
fixed_dynamics-s43,wikitext2-test-0045,49430.62716674805,33341,10430,2.138907671680474
fixed_dynamics-s43,wikitext2-test-0046,10100.80014038086,6903,2081,2.1110204652380142
fixed_dynamics-s43,wikitext2-test-0047,11401.286865234375,8026,2300,2.0494119138083864
fixed_dynamics-s43,wikitext2-test-0048,20002.4174118042,14626,4152,1.9730198554492666
fixed_dynamics-s43,wikitext2-test-0049,17935.898223876953,13618,3926,1.9001344853485422
fixed_dynamics-s43,wikitext2-test-0050,8209.631225585938,5503,1676,2.1522795305615148
fixed_dynamics-s43,wikitext2-test-0051,6742.390167236328,5401,1519,1.8010021955212665
fixed_dynamics-s43,wikitext2-test-0052,7550.2941246032715,5387,1543,2.0220478728082822
fixed_dynamics-s43,wikitext2-test-0053,6394.669860839844,4740,1319,1.9463203578809622
fixed_dynamics-s43,wikitext2-test-0054,48834.77734375,38763,10455,1.8175500115250325
fixed_dynamics-s43,wikitext2-test-0055,3609.6685485839844,2547,758,2.044621481859041
fixed_dynamics-s43,wikitext2-test-0056,20603.272506713867,14985,4525,1.9835995376389737
fixed_dynamics-s43,wikitext2-test-0057,39556.75314331055,29470,8202,1.9364890259084846
fixed_dynamics-s43,wikitext2-test-0058,31206.226287841797,21779,6410,2.0671779195706033
fixed_dynamics-s43,wikitext2-test-0059,25468.973342895508,17875,5213,2.055606239906493
full-s42,wikitext2-test-0000,7901.768613815308,5634,1642,2.0234012057869015
full-s42,wikitext2-test-0001,34252.340591430664,24487,6961,2.0180374039325666
full-s42,wikitext2-test-0002,15907.788841247559,12255,3484,1.8727122050409337
full-s42,wikitext2-test-0003,46922.87122344971,35914,10286,1.8849304900134305
full-s42,wikitext2-test-0004,14851.249328613281,10616,3109,2.01825770133722
full-s42,wikitext2-test-0005,15264.99609375,12586,3408,1.7497802450057622
full-s42,wikitext2-test-0006,67472.46697998047,54510,14376,1.7857676299497738
full-s42,wikitext2-test-0007,15807.690120697021,11031,3272,2.067416929112415
full-s42,wikitext2-test-0008,77395.9849243164,58522,16378,1.90797996710687
full-s42,wikitext2-test-0009,11957.253723144531,9286,2541,1.8577073712073777
full-s42,wikitext2-test-0010,22469.15463256836,15612,4601,2.0763603613485557
full-s42,wikitext2-test-0011,76051.0464630127,45837,14053,2.39366598133832
full-s42,wikitext2-test-0012,7185.026290893555,4997,1486,2.0744050027074152
full-s42,wikitext2-test-0013,16552.394653320312,12445,3492,1.9188475436867987
full-s42,wikitext2-test-0014,3041.8028869628906,2372,647,1.8500817623874768
full-s42,wikitext2-test-0015,10360.035478591919,8588,2308,1.7403786455983092
full-s42,wikitext2-test-0016,44215.43999481201,33150,9607,1.9242653397055451
full-s42,wikitext2-test-0017,7862.7574462890625,5855,1597,1.937414376682152
full-s42,wikitext2-test-0018,28777.331245422363,20588,5878,2.016558824450644
full-s42,wikitext2-test-0019,26713.635162353516,19332,5528,1.9935665721521032
full-s42,wikitext2-test-0020,31575.79998779297,24199,6717,1.8824848156738174
full-s42,wikitext2-test-0021,8326.141693115234,7010,1799,1.7135639558339781
full-s42,wikitext2-test-0022,25988.223361968994,19451,5488,1.9275657275115612
full-s42,wikitext2-test-0023,68773.77917480469,57555,15760,1.7239091331540854
full-s42,wikitext2-test-0024,19884.716552734375,11957,3904,2.39922906750126
full-s42,wikitext2-test-0025,51987.64944458008,36949,10623,2.0298877923940988
full-s42,wikitext2-test-0026,82068.62762451172,54718,16742,2.1638218152426267
full-s42,wikitext2-test-0027,12289.89875793457,8315,2337,2.132360311617515
full-s42,wikitext2-test-0028,32090.52751159668,23333,6751,1.984178841147361
full-s42,wikitext2-test-0029,10028.241912841797,7940,2197,1.8221278181979488
full-s42,wikitext2-test-0030,40714.35055541992,32938,8782,1.7833017074296904
full-s42,wikitext2-test-0031,12662.159683227539,8850,2629,2.0641395459815297
full-s42,wikitext2-test-0032,63683.534576416016,46349,13275,1.9822632531376343
full-s42,wikitext2-test-0033,49859.993103027344,36669,10348,1.9616778420053853
full-s42,wikitext2-test-0034,11831.557220458984,8820,2464,1.9352980643934452
full-s42,wikitext2-test-0035,104311.75629806519,74854,21222,2.010447718460426
full-s42,wikitext2-test-0036,30205.931610107422,23368,6521,1.8648556889478416
full-s42,wikitext2-test-0037,72207.99188232422,48924,14749,2.12930487697612
full-s42,wikitext2-test-0038,80774.18952178955,58265,16833,2.0000432962312034
full-s42,wikitext2-test-0039,18470.119384765625,12682,3684,2.1011472670736855
full-s42,wikitext2-test-0040,8355.797760009766,5847,1685,2.0617184865806735
full-s42,wikitext2-test-0041,36593.0647277832,28054,7646,1.881821951012393
full-s42,wikitext2-test-0042,14549.28518486023,11599,3079,1.8096544171633002
full-s42,wikitext2-test-0043,7727.917510986328,5451,1605,2.045317972757101
full-s42,wikitext2-test-0044,9214.958221435547,6978,1978,1.9051840825543203
full-s42,wikitext2-test-0045,49422.58517456055,33341,10430,2.1385596874494137
full-s42,wikitext2-test-0046,9866.196350097656,6903,2081,2.0619893592239142
full-s42,wikitext2-test-0047,11336.032287597656,8026,2300,2.037682228342177
full-s42,wikitext2-test-0048,19946.919723510742,14626,4152,1.9675456150772053
full-s42,wikitext2-test-0049,17960.290283203125,13618,3926,1.9027185874947412
full-s42,wikitext2-test-0050,8170.6314697265625,5503,1676,2.1420551521544273
full-s42,wikitext2-test-0051,6687.178680419922,5401,1519,1.7862543084207045
full-s42,wikitext2-test-0052,7611.326755523682,5387,1543,2.038393050822257
full-s42,wikitext2-test-0053,6286.357238769531,4740,1319,1.9133536737614432
full-s42,wikitext2-test-0054,48977.13427734375,38763,10455,1.8228483022180095
full-s42,wikitext2-test-0055,3562.567169189453,2547,758,2.0179418876417183
full-s42,wikitext2-test-0056,20697.865760803223,14985,4525,1.992706592599018
full-s42,wikitext2-test-0057,39243.06840515137,29470,8202,1.921132683317891
full-s42,wikitext2-test-0058,30669.05389404297,21779,6410,2.0315942863167336
full-s42,wikitext2-test-0059,25558.19691467285,17875,5213,2.062807493306972
full-s43,wikitext2-test-0000,7884.366635322571,5634,1642,2.0189450914679226
full-s43,wikitext2-test-0001,34149.27503967285,24487,6961,2.011965114129509
full-s43,wikitext2-test-0002,15959.500289916992,12255,3484,1.8787998305450198
full-s43,wikitext2-test-0003,46336.96700286865,35914,10286,1.8613942335822837
full-s43,wikitext2-test-0004,14861.116516113281,10616,3109,2.0195986341248777
full-s43,wikitext2-test-0005,15370.531066894531,12586,3408,1.7618773991767431
full-s43,wikitext2-test-0006,67642.8161315918,54510,14376,1.7902761949149049
full-s43,wikitext2-test-0007,15859.809957504272,11031,3272,2.0742334489287297
full-s43,wikitext2-test-0008,76820.9437866211,58522,16378,1.8938039478720494
full-s43,wikitext2-test-0009,12047.421585083008,9286,2541,1.8717160646454782
full-s43,wikitext2-test-0010,22647.30599975586,15612,4601,2.0928232164580227
full-s43,wikitext2-test-0011,76194.70533752441,45837,14053,2.3981875675206124
full-s43,wikitext2-test-0012,7238.994293212891,4997,1486,2.089986225303531
full-s43,wikitext2-test-0013,16601.756088256836,12445,3492,1.9245698014123178
full-s43,wikitext2-test-0014,3008.4627075195312,2372,647,1.8298036377899711
full-s43,wikitext2-test-0015,10307.774744033813,8588,2308,1.7315993835372714
full-s43,wikitext2-test-0016,44545.11145591736,33150,9607,1.9386127117133674
full-s43,wikitext2-test-0017,7812.446228027344,5855,1597,1.9250174945152414
full-s43,wikitext2-test-0018,29019.465354919434,20588,5878,2.0335262656300443
full-s43,wikitext2-test-0019,26873.481567382812,19332,5528,2.005495478413209
full-s43,wikitext2-test-0020,31417.177490234375,24199,6717,1.8730280657832763
full-s43,wikitext2-test-0021,8398.304321289062,7010,1799,1.7284154060199832
full-s43,wikitext2-test-0022,25856.553493499756,19451,5488,1.9177996760861806
full-s43,wikitext2-test-0023,68638.26039123535,57555,15760,1.720512168911139
full-s43,wikitext2-test-0024,19966.470001220703,11957,3904,2.409093188493716
full-s43,wikitext2-test-0025,51613.36083984375,36949,10623,2.0152734776923653
full-s43,wikitext2-test-0026,82224.19589233398,54718,16742,2.167923528911015
full-s43,wikitext2-test-0027,12191.949234008789,8315,2337,2.115365568090737
full-s43,wikitext2-test-0028,32222.927978515625,23333,6751,1.9923652508261571
full-s43,wikitext2-test-0029,10147.98568725586,7940,2197,1.843885217382394
full-s43,wikitext2-test-0030,40780.16735839844,32938,8782,1.7861845046628029
full-s43,wikitext2-test-0031,12537.101547241211,8850,2629,2.0437530202628524
full-s43,wikitext2-test-0032,64556.59307861328,46349,13275,2.0094387514553103
full-s43,wikitext2-test-0033,49968.94107055664,36669,10348,1.9659642608460803
full-s43,wikitext2-test-0034,11771.703704833984,8820,2464,1.9255077729907286
full-s43,wikitext2-test-0035,104290.79370880127,74854,21222,2.0100436969842828
full-s43,wikitext2-test-0036,29983.299591064453,23368,6521,1.8511108194760688
full-s43,wikitext2-test-0037,73280.70584106445,48924,14749,2.1609375952445955
full-s43,wikitext2-test-0038,80756.71672821045,58265,16833,1.9996106537760923
full-s43,wikitext2-test-0039,18468.016036987305,12682,3684,2.1009079917693922
full-s43,wikitext2-test-0040,8308.039733886719,5847,1685,2.049934620076421
full-s43,wikitext2-test-0041,36871.16027832031,28054,7646,1.896123194031327
full-s43,wikitext2-test-0042,14626.81678390503,11599,3079,1.8192978737935377
full-s43,wikitext2-test-0043,7773.246063232422,5451,1605,2.057314904977999
full-s43,wikitext2-test-0044,9275.623840332031,6978,1978,1.9177266431066873
full-s43,wikitext2-test-0045,49375.38928222656,33341,10430,2.1365174787627947
full-s43,wikitext2-test-0046,10078.144622802734,6903,2081,2.1062855669533938
full-s43,wikitext2-test-0047,11352.041015625,8026,2300,2.0405598401707326
full-s43,wikitext2-test-0048,19912.465293884277,14626,4152,1.9641470621742405
full-s43,wikitext2-test-0049,17909.21759033203,13618,3926,1.8973079309570724
full-s43,wikitext2-test-0050,8163.481674194336,5503,1676,2.140180724649846
full-s43,wikitext2-test-0051,6714.050933837891,5401,1519,1.7934323248516644
full-s43,wikitext2-test-0052,7522.783538818359,5387,1543,2.014680249700088
full-s43,wikitext2-test-0053,6349.800445556641,4740,1319,1.9326636315272354
full-s43,wikitext2-test-0054,48655.80374145508,38763,10455,1.8108889087084055
full-s43,wikitext2-test-0055,3593.393768310547,2547,758,2.035402971928909
full-s43,wikitext2-test-0056,20673.842666625977,14985,4525,1.990393746497161
full-s43,wikitext2-test-0057,39441.48751831055,29470,8202,1.9308462316915704
full-s43,wikitext2-test-0058,31055.59112548828,21779,6410,2.0571994723640774
full-s43,wikitext2-test-0059,25371.01937866211,17875,5213,2.047700354679363
no_lateral-s42,wikitext2-test-0000,7957.298250198364,5634,1642,2.03762064686468
no_lateral-s42,wikitext2-test-0001,34150.73422241211,24487,6961,2.012051084468941
no_lateral-s42,wikitext2-test-0002,16069.223358154297,12255,3484,1.8917167564052468
no_lateral-s42,wikitext2-test-0003,46998.830574035645,35914,10286,1.8879818398602723
no_lateral-s42,wikitext2-test-0004,14814.59765625,10616,3109,2.013276805900258
no_lateral-s42,wikitext2-test-0005,15355.66030883789,12586,3408,1.7601728092432796
no_lateral-s42,wikitext2-test-0006,67696.92694091797,54510,14376,1.7917083247309635
no_lateral-s42,wikitext2-test-0007,15857.186908721924,11031,3272,2.0738903921369336
no_lateral-s42,wikitext2-test-0008,77775.62298583984,58522,16378,1.9173388739913333
no_lateral-s42,wikitext2-test-0009,12039.043594360352,9286,2541,1.8704144400850442
no_lateral-s42,wikitext2-test-0010,22632.909088134766,15612,4601,2.091492806965333
no_lateral-s42,wikitext2-test-0011,75229.94874572754,45837,14053,2.367822370176757
no_lateral-s42,wikitext2-test-0012,7159.0682373046875,4997,1486,2.066910595026049
no_lateral-s42,wikitext2-test-0013,16546.62937927246,12445,3492,1.9181792003940545
no_lateral-s42,wikitext2-test-0014,3068.0156860351562,2372,647,1.866024880106438
no_lateral-s42,wikitext2-test-0015,10418.819068908691,8588,2308,1.7502536798595643
no_lateral-s42,wikitext2-test-0016,44271.74358177185,33150,9607,1.9267156837686288
no_lateral-s42,wikitext2-test-0017,7880.51806640625,5855,1597,1.941790663371508
no_lateral-s42,wikitext2-test-0018,28921.152435302734,20588,5878,2.026637031047456
no_lateral-s42,wikitext2-test-0019,26811.373596191406,19332,5528,2.00086052796641
no_lateral-s42,wikitext2-test-0020,31810.827270507812,24199,6717,1.8964966630743842
no_lateral-s42,wikitext2-test-0021,8365.714782714844,7010,1799,1.7217083067780596
no_lateral-s42,wikitext2-test-0022,26102.01969909668,19451,5488,1.936006085911923
no_lateral-s42,wikitext2-test-0023,69338.45024871826,57555,15760,1.7380633883546512
no_lateral-s42,wikitext2-test-0024,19632.660705566406,11957,3904,2.3688167800766307
no_lateral-s42,wikitext2-test-0025,52196.3078918457,36949,10623,2.0380349819556485
no_lateral-s42,wikitext2-test-0026,82307.41250610352,54718,16742,2.1701176185342628
no_lateral-s42,wikitext2-test-0027,12342.800048828125,8315,2337,2.141538956239133
no_lateral-s42,wikitext2-test-0028,32238.979202270508,23333,6751,1.993357708757472
no_lateral-s42,wikitext2-test-0029,10070.093841552734,7940,2197,1.8297322980471815
no_lateral-s42,wikitext2-test-0030,41065.79479980469,32938,8782,1.7986950788706664
no_lateral-s42,wikitext2-test-0031,12706.048706054688,8850,2629,2.0712941759908166
no_lateral-s42,wikitext2-test-0032,63962.80308532715,46349,13275,1.9909559820612908
no_lateral-s42,wikitext2-test-0033,50289.79650878906,36669,10348,1.9785879088752103
no_lateral-s42,wikitext2-test-0034,11883.43423461914,8820,2464,1.9437836325414026
no_lateral-s42,wikitext2-test-0035,104734.72425460815,74854,21222,2.0185997714350097
no_lateral-s42,wikitext2-test-0036,30473.34164428711,23368,6521,1.8813650663098316
no_lateral-s42,wikitext2-test-0037,72295.38818359375,48924,14749,2.1318820622110475
no_lateral-s42,wikitext2-test-0038,80819.43798065186,58265,16833,2.0011636897300193
no_lateral-s42,wikitext2-test-0039,18396.627990722656,12682,3684,2.092786939859223
no_lateral-s42,wikitext2-test-0040,8384.545288085938,5847,1685,2.068811682440655
no_lateral-s42,wikitext2-test-0041,36775.363037109375,28054,7646,1.8911967591262917
no_lateral-s42,wikitext2-test-0042,14613.1299533844,11599,3079,1.8175954923367226
no_lateral-s42,wikitext2-test-0043,7727.837615966797,5451,1605,2.0452968272519696
no_lateral-s42,wikitext2-test-0044,9326.061981201172,6978,1978,1.9281546820438566
no_lateral-s42,wikitext2-test-0045,49455.584411621094,33341,10430,2.139987594100695
no_lateral-s42,wikitext2-test-0046,9922.378143310547,6903,2081,2.0737310938981843
no_lateral-s42,wikitext2-test-0047,11440.27734375,8026,2300,2.056420556967666
no_lateral-s42,wikitext2-test-0048,20072.068267822266,14626,4152,1.9798901511262075
no_lateral-s42,wikitext2-test-0049,18064.7666015625,13618,3926,1.9137868402768976
no_lateral-s42,wikitext2-test-0050,8172.388488769531,5503,1676,2.142515781385763
no_lateral-s42,wikitext2-test-0051,6735.2645263671875,5401,1519,1.7990988208230505
no_lateral-s42,wikitext2-test-0052,7605.812324523926,5387,1543,2.0369162284245084
no_lateral-s42,wikitext2-test-0053,6303.265899658203,4740,1319,1.9185000959581013
no_lateral-s42,wikitext2-test-0054,49396.274475097656,38763,10455,1.8384480103091474
no_lateral-s42,wikitext2-test-0055,3587.296630859375,2547,758,2.0319493755549694
no_lateral-s42,wikitext2-test-0056,20666.492385864258,14985,4525,1.9896860912683276
no_lateral-s42,wikitext2-test-0057,39332.85075378418,29470,8202,1.9255279513576575
no_lateral-s42,wikitext2-test-0058,30802.598999023438,21779,6410,2.0404406456854063
no_lateral-s42,wikitext2-test-0059,25623.365753173828,17875,5213,2.0680672840832437
no_lateral-s43,wikitext2-test-0000,7943.150810241699,5634,1642,2.0339979202997607
no_lateral-s43,wikitext2-test-0001,34246.333267211914,24487,6961,2.0176834717702192
no_lateral-s43,wikitext2-test-0002,16061.785293579102,12255,3484,1.8908411253259776
no_lateral-s43,wikitext2-test-0003,46622.56880950928,35914,10286,1.8728670940297236
no_lateral-s43,wikitext2-test-0004,14816.231414794922,10616,3109,2.0134988307072255
no_lateral-s43,wikitext2-test-0005,15487.360900878906,12586,3408,1.7752692490191981
no_lateral-s43,wikitext2-test-0006,67802.52349853516,54510,14376,1.7945031078901867
no_lateral-s43,wikitext2-test-0007,15930.78596496582,11031,3272,2.0835160827775985
no_lateral-s43,wikitext2-test-0008,77310.3694152832,58522,16378,1.905869357929033
no_lateral-s43,wikitext2-test-0009,12112.358520507812,9286,2541,1.8818048213445837
no_lateral-s43,wikitext2-test-0010,22739.453399658203,15612,4601,2.101338499373083
no_lateral-s43,wikitext2-test-0011,75490.6517791748,45837,14053,2.3760278586140258
no_lateral-s43,wikitext2-test-0012,7327.772506713867,4997,1486,2.1156175817887903
no_lateral-s43,wikitext2-test-0013,16619.312088012695,12445,3492,1.9266049925562008
no_lateral-s43,wikitext2-test-0014,3015.425537109375,2372,647,1.834038561786524
no_lateral-s43,wikitext2-test-0015,10328.477396011353,8588,2308,1.7350772146203228
no_lateral-s43,wikitext2-test-0016,44778.68310165405,33150,9607,1.9487777993452406
no_lateral-s43,wikitext2-test-0017,7818.162322998047,5855,1597,1.9264259628102856
no_lateral-s43,wikitext2-test-0018,29141.382217407227,20588,5878,2.042069536123141
no_lateral-s43,wikitext2-test-0019,26923.754425048828,19332,5528,2.0092472062450977
no_lateral-s43,wikitext2-test-0020,31708.955169677734,24199,6717,1.890423256128953
no_lateral-s43,wikitext2-test-0021,8462.789916992188,7010,1799,1.7416868823580245
no_lateral-s43,wikitext2-test-0022,25729.747497558594,19451,5488,1.9083943816797593
no_lateral-s43,wikitext2-test-0023,68999.61943054199,57555,15760,1.729570129018655
no_lateral-s43,wikitext2-test-0024,19921.781982421875,11957,3904,2.403701268855996
no_lateral-s43,wikitext2-test-0025,51859.26092529297,36949,10623,2.024874788521664
no_lateral-s43,wikitext2-test-0026,82464.59692382812,54718,16742,2.1742619436184456
no_lateral-s43,wikitext2-test-0027,12172.201889038086,8315,2337,2.1119393027076994
no_lateral-s43,wikitext2-test-0028,32335.635620117188,23333,6751,1.999334039906381
no_lateral-s43,wikitext2-test-0029,10157.408966064453,7940,2197,1.8455974236300101
no_lateral-s43,wikitext2-test-0030,40874.16925048828,32938,8782,1.7903018179044143
no_lateral-s43,wikitext2-test-0031,12609.94384765625,8850,2629,2.055627509028471
no_lateral-s43,wikitext2-test-0032,64474.70510864258,46349,13275,2.0068898427801454
no_lateral-s43,wikitext2-test-0033,50064.67379760742,36669,10348,1.969730742903593
no_lateral-s43,wikitext2-test-0034,11854.189208984375,8820,2464,1.9389999983629502
no_lateral-s43,wikitext2-test-0035,104830.71182441711,74854,21222,2.020449783337518
no_lateral-s43,wikitext2-test-0036,30297.560821533203,23368,6521,1.8705126989155128
no_lateral-s43,wikitext2-test-0037,73367.77490234375,48924,14749,2.163505130665299
no_lateral-s43,wikitext2-test-0038,81095.63349914551,58265,16833,2.008002545043613
no_lateral-s43,wikitext2-test-0039,18544.712524414062,12682,3684,2.1096329280621053
no_lateral-s43,wikitext2-test-0040,8363.415588378906,5847,1685,2.0635981177095437
no_lateral-s43,wikitext2-test-0041,36862.71536254883,28054,7646,1.8956889087919944
no_lateral-s43,wikitext2-test-0042,14710.399417877197,11599,3079,1.8296939641061578
no_lateral-s43,wikitext2-test-0043,7801.587829589844,5451,1605,2.06481601042175
no_lateral-s43,wikitext2-test-0044,9293.589233398438,6978,1978,1.921440971493693
no_lateral-s43,wikitext2-test-0045,49804.465240478516,33341,10430,2.1550839811812814
no_lateral-s43,wikitext2-test-0046,10122.686981201172,6903,2081,2.1155947136390267
no_lateral-s43,wikitext2-test-0047,11465.397827148438,8026,2300,2.060936031279111
no_lateral-s43,wikitext2-test-0048,19992.19955444336,14626,4152,1.9720119754996566
no_lateral-s43,wikitext2-test-0049,17992.220458984375,13618,3926,1.9061012799792707
no_lateral-s43,wikitext2-test-0050,8227.845672607422,5503,1676,2.1570547245267027
no_lateral-s43,wikitext2-test-0051,6768.545654296875,5401,1519,1.8079887519875293
no_lateral-s43,wikitext2-test-0052,7613.731178283691,5387,1543,2.039036980429101
no_lateral-s43,wikitext2-test-0053,6360.4541015625,4740,1319,1.9359062426426343
no_lateral-s43,wikitext2-test-0054,48869.79556274414,38763,10455,1.8188533319822624
no_lateral-s43,wikitext2-test-0055,3616.0513305664062,2547,758,2.048236875621552
no_lateral-s43,wikitext2-test-0056,20618.20851135254,14985,4525,1.9850375156051334
no_lateral-s43,wikitext2-test-0057,39588.1251373291,29470,8202,1.9380248324980118
no_lateral-s43,wikitext2-test-0058,31169.12921142578,21779,6410,2.064720517110579
no_lateral-s43,wikitext2-test-0059,25540.854919433594,17875,5213,2.061407817193361
no_temporal_state-s42,wikitext2-test-0000,8489.310935974121,5634,1642,2.1738528200025398
no_temporal_state-s42,wikitext2-test-0001,35746.31369018555,24487,6961,2.106057479106953
no_temporal_state-s42,wikitext2-test-0002,17494.379928588867,12255,3484,2.0594904256550453
no_temporal_state-s42,wikitext2-test-0003,50996.530700683594,35914,10286,2.04857275559442
no_temporal_state-s42,wikitext2-test-0004,15678.385299682617,10616,3109,2.130663971458038
no_temporal_state-s42,wikitext2-test-0005,16609.20570373535,12586,3408,1.9038629192661431
no_temporal_state-s42,wikitext2-test-0006,72877.20050048828,54510,14376,1.9288126170597162
no_temporal_state-s42,wikitext2-test-0007,16994.5285987854,11031,3272,2.222638213372619
no_temporal_state-s42,wikitext2-test-0008,81603.50506591797,58522,16378,2.0117045227052603
no_temporal_state-s42,wikitext2-test-0009,12543.417098999023,9286,2541,1.9487751070996897
no_temporal_state-s42,wikitext2-test-0010,23649.64306640625,15612,4601,2.185448550518726
no_temporal_state-s42,wikitext2-test-0011,79306.07675170898,45837,14053,2.4961163174302436
no_temporal_state-s42,wikitext2-test-0012,7597.484848022461,4997,1486,2.193486834795086
no_temporal_state-s42,wikitext2-test-0013,17724.813751220703,12445,3492,2.0547610204553326
no_temporal_state-s42,wikitext2-test-0014,3420.355224609375,2372,647,2.0803244184749587
no_temporal_state-s42,wikitext2-test-0015,11263.717695236206,8588,2308,1.8921878971693689
no_temporal_state-s42,wikitext2-test-0016,48225.78149795532,33150,9607,2.098796253698186
no_temporal_state-s42,wikitext2-test-0017,8190.225128173828,5855,1597,2.0181037021657655
no_temporal_state-s42,wikitext2-test-0018,29932.58595275879,20588,5878,2.0975127897332304
no_temporal_state-s42,wikitext2-test-0019,28002.224487304688,19332,5528,2.089730519433787
no_temporal_state-s42,wikitext2-test-0020,33410.76840209961,24199,6717,1.9918818912351248
no_temporal_state-s42,wikitext2-test-0021,9095.630950927734,7010,1799,1.8719289110784036
no_temporal_state-s42,wikitext2-test-0022,28069.98073577881,19451,5488,2.081971209981843
no_temporal_state-s42,wikitext2-test-0023,75614.81812286377,57555,15760,1.89538916034361
no_temporal_state-s42,wikitext2-test-0024,21045.99624633789,11957,3904,2.539345522719697
no_temporal_state-s42,wikitext2-test-0025,54794.94940185547,36949,10623,2.139500440277641
no_temporal_state-s42,wikitext2-test-0026,87397.27828979492,54718,16742,2.30431704331079
no_temporal_state-s42,wikitext2-test-0027,12859.418731689453,8315,2337,2.2311749408205674
no_temporal_state-s42,wikitext2-test-0028,33764.17282104492,23333,6751,2.087661453248165
no_temporal_state-s42,wikitext2-test-0029,10812.559112548828,7940,2197,1.9646379610822375
no_temporal_state-s42,wikitext2-test-0030,43348.974182128906,32938,8782,1.898699073416148
no_temporal_state-s42,wikitext2-test-0031,13351.645126342773,8850,2629,2.1765369730490414
no_temporal_state-s42,wikitext2-test-0032,67667.0803527832,46349,13275,2.1062581988046203
no_temporal_state-s42,wikitext2-test-0033,53040.532653808594,36669,10348,2.0868121144770457
no_temporal_state-s42,wikitext2-test-0034,12603.307342529297,8820,2464,2.061533900438376
no_temporal_state-s42,wikitext2-test-0035,109747.55688095093,74854,21222,2.115214364787818
no_temporal_state-s42,wikitext2-test-0036,31791.49819946289,23368,6521,1.962745497894365
no_temporal_state-s42,wikitext2-test-0037,75953.80737304688,48924,14749,2.2397633315699927
no_temporal_state-s42,wikitext2-test-0038,85542.13034820557,58265,16833,2.1181019006338877
no_temporal_state-s42,wikitext2-test-0039,19520.23289489746,12682,3684,2.2206074116437615
no_temporal_state-s42,wikitext2-test-0040,8766.023223876953,5847,1685,2.162937956799173
no_temporal_state-s42,wikitext2-test-0041,38570.24053955078,28054,7646,1.9834994921331848
no_temporal_state-s42,wikitext2-test-0042,15681.207914352417,11599,3079,1.9504440807987755
no_temporal_state-s42,wikitext2-test-0043,8221.944519042969,5451,1605,2.176070186036963
no_temporal_state-s42,wikitext2-test-0044,9656.026184082031,6978,1978,1.9963744755616406
no_temporal_state-s42,wikitext2-test-0045,53101.60803222656,33341,10430,2.297754313647545
no_temporal_state-s42,wikitext2-test-0046,10645.920166015625,6903,2081,2.2249480268304436
no_temporal_state-s42,wikitext2-test-0047,11949.897491455078,8026,2300,2.148026146281299
no_temporal_state-s42,wikitext2-test-0048,20896.245666503906,14626,4152,2.0611862434201202
no_temporal_state-s42,wikitext2-test-0049,19867.217803955078,13618,3926,2.104739066090976
no_temporal_state-s42,wikitext2-test-0050,8744.32339477539,5503,1676,2.2924572047195713
no_temporal_state-s42,wikitext2-test-0051,7323.1632080078125,5401,1519,1.9561361310522836
no_temporal_state-s42,wikitext2-test-0052,7932.243976593018,5387,1543,2.124338044951197
no_temporal_state-s42,wikitext2-test-0053,6660.266693115234,4740,1319,2.0271590145897225
no_temporal_state-s42,wikitext2-test-0054,52281.75061035156,38763,10455,1.9458406814371367
no_temporal_state-s42,wikitext2-test-0055,3758.69873046875,2547,758,2.1290365208649034
no_temporal_state-s42,wikitext2-test-0056,22591.758239746094,14985,4525,2.175042881377649
no_temporal_state-s42,wikitext2-test-0057,41536.76257324219,29470,8202,2.033419795690492
no_temporal_state-s42,wikitext2-test-0058,32296.308135986328,21779,6410,2.139387648046713
no_temporal_state-s42,wikitext2-test-0059,27019.189651489258,17875,5213,2.18072452693941
no_temporal_state-s43,wikitext2-test-0000,8466.75824546814,5634,1642,2.168077765911009
no_temporal_state-s43,wikitext2-test-0001,35834.37301635742,24487,6961,2.1112456505110524
no_temporal_state-s43,wikitext2-test-0002,17393.96890258789,12255,3484,2.0476697410967275
no_temporal_state-s43,wikitext2-test-0003,50459.09364318848,35914,10286,2.0269834651328127
no_temporal_state-s43,wikitext2-test-0004,15687.709197998047,10616,3109,2.1319310722362435
no_temporal_state-s43,wikitext2-test-0005,16698.909271240234,12586,3408,1.914145367382252
no_temporal_state-s43,wikitext2-test-0006,72930.60488891602,54510,14376,1.930226050307678
no_temporal_state-s43,wikitext2-test-0007,16954.316806793213,11031,3272,2.2173790933569917
no_temporal_state-s43,wikitext2-test-0008,81305.96127319336,58522,16378,2.00436941874075
no_temporal_state-s43,wikitext2-test-0009,12653.934783935547,9286,2541,1.9659453974279744
no_temporal_state-s43,wikitext2-test-0010,23821.93389892578,15612,4601,2.2013698373280115
no_temporal_state-s43,wikitext2-test-0011,79716.31185913086,45837,14053,2.5090282478592876
no_temporal_state-s43,wikitext2-test-0012,7671.102981567383,4997,1486,2.2147412907055846
no_temporal_state-s43,wikitext2-test-0013,17807.112915039062,12445,3492,2.0643016066755058
no_temporal_state-s43,wikitext2-test-0014,3330.0577087402344,2372,647,2.0254037699298486
no_temporal_state-s43,wikitext2-test-0015,11352.120080947876,8588,2308,1.9070385822495948
no_temporal_state-s43,wikitext2-test-0016,48260.13390159607,33150,9607,2.100291277600905
no_temporal_state-s43,wikitext2-test-0017,8208.06869506836,5855,1597,2.022500427267475
no_temporal_state-s43,wikitext2-test-0018,30147.080924987793,20588,5878,2.1125434305303163
no_temporal_state-s43,wikitext2-test-0019,28043.985290527344,19332,5528,2.092847015591084
no_temporal_state-s43,wikitext2-test-0020,33367.113708496094,24199,6717,1.9892792874096228
no_temporal_state-s43,wikitext2-test-0021,9099.59912109375,7010,1799,1.8727455814664085
no_temporal_state-s43,wikitext2-test-0022,27767.688598632812,19451,5488,2.059549978828676
no_temporal_state-s43,wikitext2-test-0023,75378.47686004639,57555,15760,1.8894649423291185
no_temporal_state-s43,wikitext2-test-0024,20916.298431396484,11957,3904,2.523696581143206
no_temporal_state-s43,wikitext2-test-0025,54564.498626708984,36949,10623,2.1305023566901866
no_temporal_state-s43,wikitext2-test-0026,87511.61193847656,54718,16742,2.3073315648203434
no_temporal_state-s43,wikitext2-test-0027,12678.180526733398,8315,2337,2.1997291850166327
no_temporal_state-s43,wikitext2-test-0028,33794.20706176758,23333,6751,2.089518490497873
no_temporal_state-s43,wikitext2-test-0029,10784.206451416016,7940,2197,1.9594862931209889
no_temporal_state-s43,wikitext2-test-0030,43506.320236206055,32938,8782,1.9055908814166507
no_temporal_state-s43,wikitext2-test-0031,13310.047592163086,8850,2629,2.169755893244042
no_temporal_state-s43,wikitext2-test-0032,68189.90684509277,46349,13275,2.12253210304636
no_temporal_state-s43,wikitext2-test-0033,52693.778259277344,36669,10348,2.0731695050413728
no_temporal_state-s43,wikitext2-test-0034,12424.316314697266,8820,2464,2.0322561829534678
no_temporal_state-s43,wikitext2-test-0035,109556.55019950867,74854,21222,2.111533006515803
no_temporal_state-s43,wikitext2-test-0036,31776.108184814453,23368,6521,1.961795348210502
no_temporal_state-s43,wikitext2-test-0037,76397.48272705078,48924,14749,2.2528466492256642
no_temporal_state-s43,wikitext2-test-0038,85937.34217834473,58265,16833,2.127887709394592
no_temporal_state-s43,wikitext2-test-0039,19561.756942749023,12682,3684,2.2253311569452188
no_temporal_state-s43,wikitext2-test-0040,8803.826446533203,5847,1685,2.1722655644365583
no_temporal_state-s43,wikitext2-test-0041,38540.86654663086,28054,7646,1.981988915605179
no_temporal_state-s43,wikitext2-test-0042,15705.03246307373,11599,3079,1.9534074016274379
no_temporal_state-s43,wikitext2-test-0043,8238.888702392578,5451,1605,2.180554737365232
no_temporal_state-s43,wikitext2-test-0044,9601.941986083984,6978,1978,1.9851926176880035
no_temporal_state-s43,wikitext2-test-0045,52948.80578613281,33341,10430,2.2911424231020865
no_temporal_state-s43,wikitext2-test-0046,10835.096130371094,6903,2081,2.264484927544774
no_temporal_state-s43,wikitext2-test-0047,12084.614959716797,8026,2300,2.1722419727680045
no_temporal_state-s43,wikitext2-test-0048,20878.066665649414,14626,4152,2.0593930836784895
no_temporal_state-s43,wikitext2-test-0049,19941.852966308594,13618,3926,2.112645937775758
no_temporal_state-s43,wikitext2-test-0050,8726.034286499023,5503,1676,2.287662437172307
no_temporal_state-s43,wikitext2-test-0051,7327.515167236328,5401,1519,1.9572986102222762
no_temporal_state-s43,wikitext2-test-0052,7916.470249176025,5387,1543,2.120113675483807
no_temporal_state-s43,wikitext2-test-0053,6604.501678466797,4740,1319,2.0101860377778236
no_temporal_state-s43,wikitext2-test-0054,51909.341888427734,38763,10455,1.9319802419380447
no_temporal_state-s43,wikitext2-test-0055,3752.8134765625,2547,758,2.1257029415068667
no_temporal_state-s43,wikitext2-test-0056,22480.390174865723,14985,4525,2.1643208156508345
no_temporal_state-s43,wikitext2-test-0057,41672.60356140137,29470,8202,2.0400698506605197
no_temporal_state-s43,wikitext2-test-0058,32514.750854492188,21779,6410,2.1538578361502396
no_temporal_state-s43,wikitext2-test-0059,26950.756912231445,17875,5213,2.1752013060408535
